1079;
J0;113.79548876811594;-10.886279076086957;43.75595625;null;
H1;112.65721666666667;-10.7873625;46.875412499999996;J0;
H2;109.76397391304349;-8.664423913043477;44.74963804347827;H1;
H3;106.60494772727274;-8.197872727272728;42.54934318181819;H2;
H4;103.68953181818182;-9.03298409090909;39.78695227272728;H3;
H5;101.04567499999999;-11.799129545454548;37.70917272727273;H4;
H6;98.24563181818183;-14.788754545454548;37.679581818181816;H5;
H7;95.54537065217393;-17.488448913043477;39.305414130434784;H6;
H8;92.46588369565217;-18.636466304347827;41.39081739130435;H7;
J9;81.02956987401186;-17.047265460897798;31.125403582015814;H8;
J10;81.02956987401186;-17.047265460897798;31.125403582015814;H8;
J11;73.88637068922925;-11.995930950028232;49.27268782114625;J9;
J12;73.88637068922925;-11.995930950028232;49.27268782114625;J9;
J13;73.88637068922925;-11.995930950028232;49.27268782114625;J9;
J14;73.69552856966402;-27.24537143915867;36.81492369071147;J11;
J15;73.69552856966402;-27.24537143915867;36.81492369071147;J11;
J16;73.69552856966402;-27.24537143915867;36.81492369071147;J11;
J17;66.11334428112647;-22.431633692123096;36.82702848320159;J14;
J18;66.11334428112647;-22.431633692123096;36.82702848320159;J14;
J19;66.11334428112647;-22.431633692123096;36.82702848320159;J14;
J20;60.52849378705534;-13.850289645680405;25.048061462450598;J19;
J21;60.52849378705534;-13.850289645680405;25.048061462450598;J20;
H22;70.46725652173913;-35.33647717391304;62.8977445652174;J13;
H23;66.57335543478261;-36.9112097826087;62.528507608695655;H22;
J24;64.57117089920949;-38.0629378458498;63.16594925889328;H23;
J25;70.79857357425182;-47.03416699604743;57.60248001129305;J24;
H26;67.89121363636363;-49.140418181818184;51.15803863636363;J25;
H27;69.91711818181818;-52.44158181818182;49.12771818181819;H26;
H28;70.79940434782608;-56.507143478260865;48.60225434782608;H27;
J29;70.7040356916996;-58.33150102766798;49.880897865612646;H28;
H30;70.10920760869564;-61.21445;48.06676304347826;J29;
H31;69.49751086956522;-64.9005347826087;47.084890217391305;H30;
H32;67.42960000000001;-68.42417934782611;46.53908586956523;H31;
H33;63.63178913043478;-70.58615217391304;45.492863043478266;H32;
H34;60.580227173913045;-71.35428260869566;42.83209565217391;H33;
J35;55.49115267896356;-70.05021339481773;34.81861668862538;H34;
H36;52.462275;-77.46467045454546;31.373945454545456;J35;
H37;50.46906304347827;-81.04979673913044;32.237746739130436;H36;
H38;47.59637173913043;-83.29314673913044;33.51791630434782;H37;
H39;44.589743478260864;-84.28783804347827;36.70637173913043;H38;
H40;40.949029347826084;-84.18465217391305;38.00060108695652;H39;
H41;37.28417272727273;-81.909675;38.98146818181818;H40;
J42;34.34714337944664;-80.07549160079051;38.009443511198945;H41;
H43;62.56898636363637;-39.21466590909091;63.8033909090909;J24;
H44;60.035731818181816;-41.72534545454546;65.81783409090909;H43;
H45;58.03643586956521;-43.27751739130436;68.76136413043479;H44;
H46;57.8577152173913;-44.47407608695652;73.08930652173913;H45;
H47;56.84538863636364;-43.62048409090909;76.73863181818182;H46;
H48;56.19357391304348;-41.520043478260874;80.16034891304348;H47;
H49;55.307461956521735;-37.611581521739126;82.1949402173913;H48;
J50;49.58467498902064;-36.70998403601229;81.23230645586298;H49;
H51;84.66871739130434;-42.8420097826087;62.27902934782608;J16;
H52;88.65519090909092;-43.572950000000006;62.65016818181819;H51;
H53;92.48910760869563;-43.41786195652174;62.060444565217395;H52;
H54;96.00294891304347;-42.856317391304344;59.979353260869566;H53;
H55;98.62651086956521;-40.91456956521739;57.461630434782606;H54;
H56;100.14788863636363;-37.62850681818182;55.43336818181818;H55;
J57;101.18436636363636;-35.23811727272728;53.68957454545455;H56;
H58;64.5354456521739;-20.38696847826087;59.04940543478261;J19;
H59;61.49614239130434;-23.18016086956522;59.530633695652185;H58;
H60;58.10532954545454;-24.744629545454544;61.149088636363636;H59;
H61;54.591315217391305;-24.842053260869566;63.3563108695652;H60;
H62;51.15264545454546;-23.26730909090909;64.85975909090908;H61;
H63;48.04679545454545;-20.625697727272726;65.25338863636364;H62;
H64;45.069103260869554;-18.341832608695654;64.25968586956523;H63;
H65;42.84738863636364;-15.877497727272733;61.74489318181817;H64;
J66;37.07067052042161;-13.399278474967064;66.49964580039526;H65;
H67;30.39370217391305;-14.507120652173914;74.36742500000001;J66;
H68;26.47155652173913;-14.101683695652172;73.00192608695653;H67;
H69;23.48373695652174;-13.569584782608693;70.21261847826088;H68;
H70;21.731856521739132;-13.671527173913042;66.43192608695652;H69;
J71;19.64074549689441;-15.061043899397703;65.33478468379447;H70;
J72;19.64074549689441;-15.061043899397703;65.33478468379447;H70;
J73;24.09653245341615;-15.442574877658572;64.53918649538866;J71;
J74;24.09653245341615;-15.442574877658572;64.53918649538866;J71;
H75;28.132208695652167;-2.308891304347826;67.87374782608697;J74;
H76;26.75873863636364;1.495275;68.29373409090908;H75;
H77;24.690767391304345;4.674815217391304;70.00082608695651;H76;
J78;24.230221277997362;9.547072480237153;77.97041492094861;H77;
H79;26.144757608695652;11.725625;79.68749130434784;J78;
H80;25.063693181818184;14.610195454545455;82.04962954545455;H79;
H81;25.48024239130435;17.024672826086956;85.73302391304347;H80;
H82;26.764846739130434;20.187907608695653;87.54531521739133;H81;
H83;29.473584090909092;23.165929545454542;88.55573636363637;H82;
J84;33.28697368501064;32.89712292490119;80.7174181514138;H83;
H85;21.520114130434784;-23.571096739130432;60.62850869565217;J73;
H86;24.332866304347824;-27.00849239130435;61.615730434782606;H85;
H87;25.126450000000006;-30.791030434782606;61.561673913043485;H86;
H88;23.990843181818185;-34.967211363636366;62.477365909090906;H87;
H89;22.437763636363634;-38.40504545454546;61.466793181818176;H88;
J90;25.782829491555876;-42.247320095220985;68.93641928674093;H89;
H91;18.60136413043478;-47.02528804347827;65.86068152173911;J90;
H92;16.771305434782604;-50.86345326086956;67.32147282608696;H91;
H93;13.439280434782608;-53.08954673913045;68.28551630434784;H92;
H94;9.411809782608696;-53.907323913043484;68.60268913043478;H93;
H95;5.712436956521738;-54.275407608695645;67.50938804347827;H94;
J96;1.6558206521739127;-51.90146920289855;66.0525596508564;H95;
H97;-0.4753999999999994;-55.3274;65.27554090909089;J96;
H98;-3.3768728260869563;-55.052743478260865;61.94728478260868;H97;
H99;-4.669689130434782;-56.2749347826087;58.51826413043479;H98;
H100;-4.528476086956522;-57.522288043478255;54.5908847826087;H99;
H101;-2.543556818181819;-59.78615454545455;51.35020454545454;H100;
H102;-1.5230477272727274;-63.128552272727276;49.620304545454545;H101;
J103;-1.417558959156785;-66.58253300395258;49.94189044795785;H102;
H104;11.352929347826088;-16.74518586956522;63.73621413043479;J72;
H105;7.5072021739130435;-18.080539130434786;64.54690760869566;H104;
H106;4.400201086956522;-19.488208695652173;67.47570760869566;H105;
H107;1.7562380434782607;-18.67514130434783;70.17245217391303;H106;
H108;0.21175681818181746;-16.848279545454545;73.56486590909091;H107;
H109;-0.9385358695652175;-13.808235869565218;76.01431413043478;H108;
H110;-1.8519619565217393;-9.913529347826088;77.00806086956524;H109;
J111;-8.204273943447856;-1.6798719088882132;75.64504801104694;H110;
H112;-14.296971739130434;5.607706521739131;75.64818152173913;J111;
J113;-17.997806455862975;8.002234189723321;76.73363033596839;H112;
H114;49.5813347826087;-16.05358478260869;24.787790217391304;J21;
H115;46.27396195652173;-18.15463043478261;26.08000108695652;H114;
H116;42.72210760869565;-18.736285869565215;28.089302173913048;H115;
H117;39.32772282608696;-17.105091304347827;30.54248043478261;H116;
H118;35.97678586956522;-15.193021739130437;30.73736304347826;H117;
H119;33.576210869565216;-11.494171739130435;29.873443478260874;H118;
H120;31.41589347826087;-9.173979347826085;27.239327173913043;H119;
H121;29.043622826086956;-8.332483695652176;24.30513586956522;H120;
J122;25.57043458498024;-7.758785296442687;23.078880711462453;H121;
H123;26.933986363636365;-7.934774999999998;20.096770454545453;J122;
H124;24.82276847826087;-8.412064130434784;16.50121304347826;H123;
H125;21.69779772727273;-9.748904545454545;14.159038636363634;H124;
J126;19.48852168266516;-11.777005251270468;16.803548277809146;H125;
H127;15.211530434782606;-12.304395652173913;15.663507608695653;J126;
H128;11.233757608695655;-13.540636956521741;16.342953260869564;H127;
J129;4.179507955564967;-0.7029467205439492;26.538889019543255;H128;
J130;4.179507955564967;-0.7029467205439492;26.538889019543255;H128;
J131;11.832923807014241;7.158949203369094;44.279717823891076;J130;
J132;11.832923807014241;7.158949203369094;44.279717823891076;J131;
J133;11.832923807014241;7.158949203369094;44.279717823891076;J132;
H134;27.67444565217391;13.23023260869565;25.988359782608693;J133;
H135;24.894638636363638;15.898602272727272;24.577034090909088;H134;
H136;22.57659090909091;19.274693181818183;24.498186363636364;H135;
H137;21.610084782608695;23.037931521739132;24.68576413043478;H136;
J138;23.823235889328064;25.918030632411067;25.73321209486166;H137;
H139;25.560891304347827;28.23225869565217;24.47372065217391;J138;
H140;27.508115909090908;31.37608636363636;23.292104545454542;H139;
H141;30.326202173913046;33.7237652173913;21.511592391304347;H140;
J142;31.225187648221347;35.36161548089592;16.134956159420287;H141;
H143;23.560229347826088;14.9635152173913;48.96040543478261;J132;
H144;24.699923913043477;11.773302173913041;46.54275217391304;H143;
H145;25.73550543478261;7.423080434782608;46.08730217391305;H144;
H146;24.714966304347826;3.4501239130434787;46.46534456521739;H145;
H147;22.46869130434783;0.30444673913043474;46.47752826086957;H146;
H148;19.019279545454545;-1.9128681818181819;47.119640909090904;H147;
H149;15.097478260869565;-2.9954554347826092;46.748840217391304;H148;
J150;13.340761833003953;-5.0322415513834;54.21741358695652;H149;
H151;12.082179545454546;-12.823113636363638;51.72954318181819;J150;
H152;8.600573913043478;-14.10163804347826;50.5896847826087;H151;
H153;4.761010869565217;-13.889076086956521;49.101002173913045;H152;
H154;1.784775;-12.030102272727271;46.40666136363637;H153;
H155;0.2093445652173911;-11.41776413043478;42.902956521739135;H154;
J156;-3.4989234299516903;-9.967982938076416;35.39280649978041;H155;
H157;-11.584965909090908;-8.53476818181818;30.84050227272727;J156;
H158;-11.810234090909091;-5.553397727272728;28.33717954545455;H157;
H159;-10.2212;-3.1593749999999994;24.97336086956522;H158;
H160;-9.386216304347828;-2.737832608695652;20.958941304347825;H159;
H161;-9.890902173913044;-3.057853260869565;17.11713695652174;H160;
J162;-10.353755279503106;-2.952003726708075;13.544984161490683;H161;
H163;-10.201163636363637;-18.125161363636362;32.89202045454546;J162;
H164;-8.302113043478261;-21.051561956521738;31.192480434782613;H163;
H165;-5.211444565217391;-22.977156521739133;29.25886195652174;H164;
H166;-1.2575304347826086;-24.126083695652177;28.58373695652174;H165;
J167;0.886327826086957;-22.231910750988142;29.386183873517787;H166;
H168;1.8263500000000004;-25.414306818181817;30.516859090909087;J167;
H169;5.287517391304348;-25.737295652173913;33.353083695652174;H168;
H170;7.2599478260869565;-27.68406413043478;36.40477608695652;H169;
H171;8.017297826086956;-30.748534782608697;39.05554347826087;H170;
H172;7.917729347826087;-34.61925760869566;40.47276413043478;H171;
H173;8.341377173913044;-38.459106521739145;40.46418369565218;H172;
H174;8.329507608695653;-42.3057945652174;38.990606521739124;H173;
J175;12.940402593873518;-42.83371252470355;35.24581492094862;H174;
H176;-6.272766304347828;7.961022826086957;69.45278152173913;J131;
H177;-4.899514130434782;11.564310869565219;68.6327793478261;H176;
H178;-2.61205652173913;15.043193478260868;68.82273369565219;H177;
J179;-0.1872273913043479;15.102581739130434;70.38946304347827;H178;
H180;1.7162630434782602;16.960510869565223;69.69549891304348;J179;
H181;5.437311363636364;18.410445454545453;68.92513636363637;H180;
H182;8.614531521739131;19.52526195652174;66.99755326086955;H181;
H183;11.458097727272728;18.948279545454543;63.65668863636365;H182;
H184;12.738021739130435;19.68353152173913;60.066182608695655;H183;
H185;12.506448913043478;20.437066304347823;56.020525000000006;H184;
H186;10.305816304347825;22.159051086956524;52.50157391304347;H185;
H187;9.316408695652171;25.22611086956522;50.36744673913044;H186;
H188;8.020605434782608;29.044752173913043;49.51923478260869;H187;
J189;11.666926660079051;31.859602055335973;50.57769061264822;H188;
H190;12.598821739130432;36.44548913043479;47.083272826086954;J189;
H191;14.171640909090911;40.181088636363626;47.647736363636355;H190;
J192;20.352126548089593;40.305823320158105;43.137631949934125;H191;
H193;-11.872815217391304;6.196233695652174;8.961429347826087;J130;
H194;-7.758453260869565;5.806393478260869;8.525702173913045;H193;
H195;-4.242791304347826;4.042558695652174;7.293121739130435;H194;
H196;-1.854616304347826;1.6024358695652168;4.9837554347826085;H195;
H197;-1.350003260869565;-1.154776086956522;1.4714456521739132;H196;
J198;1.105102028985507;-2.5734437681159417;0.10894159420289888;H197;
H199;0.26158333333333195;-5.012333333333332;-2.1551166666666663;J198;
H200;0.6600386363636368;-2.048965909090909;-4.944093181818182;H199;
J201;3.6441204545454546;2.8129962121212126;-3.293702272727273;H200;
H202;8.40795;1.959865909090909;-3.013072727272727;J201;
H203;10.95876195652174;4.066879347826086;-5.044664130434782;H202;
H204;14.591003260869567;5.085260869565218;-6.705919565217392;H203;
H205;18.121202272727274;4.343652272727272;-8.759486363636363;H204;
H206;20.593143181818185;2.45323181818182;-11.44197272727273;H205;
J207;26.27550634881423;27.70154232634314;-13.734652440162495;H206;
J208;26.27550634881423;27.70154232634314;-13.734652440162495;H206;
J209;28.092237919960475;48.59109610598741;-15.871877909530085;J207;
J210;28.092237919960475;48.59109610598741;-15.871877909530085;J207;
J211;28.092237919960475;48.59109610598741;-15.871877909530085;J207;
J212;26.015960326086955;54.097717326343144;-7.856823462889767;J211;
J213;26.015960326086955;54.097717326343144;-7.856823462889767;J212;
H214;29.177517391304345;69.91194565217393;-35.713882608695656;J211;
H215;32.031103260869564;66.49889891304349;-36.550747826086955;H214;
H216;35.55350326086956;65.0990445652174;-38.17347391304347;H215;
H217;39.26265000000001;65.18335227272726;-39.30797954545454;H216;
H218;42.75487608695653;67.19157826086956;-41.13558369565217;H217;
H219;45.821522826086955;69.93777934782608;-40.92510217391305;H218;
H220;48.68333586956521;72.00698586956521;-39.35928695652174;H219;
H221;50.74356739130434;74.14947717391304;-36.50570108695652;H220;
H222;52.41651630434782;74.87362608695652;-32.80770108695651;H221;
H223;53.96071818181818;73.79054318181818;-29.111490909090904;H222;
J224;54.57834824330259;65.47459740887132;-31.06925939833113;H223;
H225;24.725238636363635;75.5085181818182;-6.4952795454545456;J213;
H226;26.764923913043482;76.34405652173913;-9.710041304347826;H225;
J227;30.826991534914363;81.5607881093544;-16.429671245059286;H226;
J228;30.826991534914363;81.5607881093544;-16.429671245059286;H226;
J229;38.57836716073781;83.70512552700923;-15.273146310935442;J227;
J230;38.57836716073781;83.70512552700923;-15.273146310935442;J227;
H231;39.51144090909091;79.33270454545453;-16.176963636363638;J230;
H232;38.438964130434776;77.72477500000002;-20.205947826086952;H231;
H233;37.89873260869565;78.2313847826087;-23.999611956521733;H232;
J234;37.50570731225297;80.50112957839262;-27.128927964426875;H233;
H235;45.81899565217392;88.63678369565217;-13.07381630434783;J229;
H236;47.87407499999999;92.14094090909092;-12.227222727272729;H235;
H237;48.07736304347826;96.53300326086955;-11.738418478260868;H236;
H238;47.29904891304348;99.72498804347825;-9.700534782608697;H237;
J239;43.68317527173913;103.31264367588933;-8.137287549407116;H238;
H240;40.380391304347825;105.24542065217392;-6.223345652173913;J239;
H241;38.77958586956522;106.9968;-3.15586847826087;H240;
H242;36.79208152173913;106.7550402173913;0.8831358695652176;H241;
J243;31.070776210474314;106.23856492094859;3.445560079051384;H242;
H244;28.93812727272727;83.69809545454545;-19.77685227272727;J228;
H245;29.957978260869567;86.87839130434783;-17.289536956521736;H244;
H246;29.985827075098815;90.86492193675889;-16.183690711462447;H245;
H247;28.785634782608696;94.3979956521739;-15.410056521739131;H246;
H248;26.472854545454545;97.80447727272727;-15.943045454545453;H247;
H249;22.665698913043478;99.82990217391303;-16.92787065217391;H248;
H250;18.607854347826084;100.29131739130433;-16.373231521739132;H249;
H251;15.234498913043478;100.44700326086956;-14.491925;H250;
H252;12.386970454545452;99.35789318181818;-11.654970454545456;H251;
J253;7.750617045454544;98.45973522727272;-10.103701136363636;H252;
J254;5.2289318181818185;90.26702045454545;-0.018627272727272493;J253;
H255;7.368011956521739;86.57939782608695;5.294001086956522;J254;
H256;9.086291304347828;83.85944565217392;3.1198239130434793;H255;
J257;8.269311166007904;79.31983473320159;0.040460770750988494;H256;
H258;3.1142636363636367;97.56157727272726;-8.552431818181818;J253;
J259;-2.9642311511857704;92.86517707509881;-11.741129125494073;H258;
H260;-8.102961363636362;94.61681136363636;-17.61432272727273;J259;
H261;-10.89812391304348;94.88969239130435;-14.667251086956522;H260;
H262;-12.286041304347826;95.58915108695652;-10.849633695652175;H261;
H263;-12.172656818181816;97.29193636363635;-7.066111363636363;H262;
H264;-10.570458695652173;100.17819130434783;-4.1218130434782605;H263;
H265;-9.574678260869565;104.0386195652174;-3.0712358695652173;H264;
J266;-14.580554018445323;108.19526155028547;-5.995702437417655;H265;
H267;25.344947727272725;48.368584090909096;1.5929886363636365;J212;
H268;25.872733695652165;49.92125;-2.1321478260869564;H267;
H269;27.830772826086953;50.559117391304355;-5.702761956521739;H268;
H270;30.47903181818182;49.61082727272728;-8.754763636363636;H269;
H271;32.61404782608696;47.25255978260869;-11.293854347826088;H270;
H272;33.6590956521739;43.748486956521745;-13.19563152173913;H271;
J273;30.731367801763447;39.3789350562481;-18.477906491334753;H272;
H274;29.197779347826085;31.938671739130434;-1.2486260869565216;J210;
H275;28.5948;29.730254545454546;2.1446318181818183;H274;
H276;28.30213695652174;26.693727173913043;4.545584782608695;H275;
H277;27.631758695652174;22.7683902173913;5.694609782608696;H276;
H278;27.672595652173918;18.39718804347826;4.749339130434783;H277;
J279;29.07759224637681;15.553312173913042;4.615108115942029;H278;
H280;30.51522727272727;15.839170454545453;-16.97163409090909;J208;
H281;31.273413043478257;16.57161413043478;-20.76239347826087;H280;
H282;32.56944545454546;15.684338636363634;-24.604495454545457;H281;
H283;32.984775000000006;13.007597727272726;-28.01531590909091;H282;
H284;31.58724782608696;10.96980652173913;-31.017848913043476;H283;
J285;24.897376708074535;8.91979771315641;-31.649499181253532;H284;
H286;20.29226630434783;7.399535869565217;-33.96789130434783;J285;
H287;18.716617391304347;6.571624999999999;-37.396963043478266;H286;
H288;16.519391304347828;7.150828260869565;-40.85874782608696;H287;
J289;15.174461594202901;9.565202898550725;-43.51995253623189;H288;
H290;12.837093478260869;11.385330434782606;-46.277884782608695;J289;
H291;12.808952272727272;12.986818181818183;-50.018772727272726;H290;
H292;13.661860869565219;13.610316304347826;-53.75440543478261;H291;
H293;16.63760681818182;13.711088636363636;-57.02649318181818;H292;
H294;18.505332608695653;12.105821739130436;-60.02758260869564;H293;
H295;20.343006818181813;9.10365;-62.12632045454546;H294;
J296;15.961908843873514;6.312075543478261;-68.41398250988142;H295;
J297;18.460783662714096;-2.8636513833992097;-73.18353208168644;J296;
H298;19.297354347826086;-13.538728260869567;-74.92766086956522;J297;
H299;19.776785869565217;-17.932471739130435;-74.12368913043477;H298;
H300;20.715796739130433;-21.465733695652176;-75.37205543478261;H299;
J301;22.795670869565217;-22.807342173913042;-76.55248521739131;H300;
H302;19.89963043478261;-25.198621739130438;-78.65373260869566;J301;
H303;20.627568181818184;-28.36039318181818;-81.13234772727273;H302;
H304;22.42525108695652;-30.764246739130435;-83.59447391304349;H303;
H305;25.09066413043478;-31.930170652173913;-86.5135956521739;H304;
H306;28.751883695652168;-32.19845652173913;-88.38922282608695;H305;
H307;33.18175217391305;-31.398215217391304;-88.42566956521739;H306;
J308;40.57934217955957;-32.48832512704687;-85.85289974590627;H307;
H309;11.58081086956522;3.5205010869565205;-74.70164456521738;J296;
H310;8.5379;4.762652272727273;-77.50774545454546;H309;
H311;5.223225;6.699027272727272;-78.93656363636364;H310;
H312;2.7098239130434782;9.575430434782607;-79.62851739130434;H311;
H313;0.6189363636363637;13.229163636363637;-78.26935227272729;H312;
H314;0.3502000000000003;17.103204545454545;-77.91327727272729;H313;
H315;1.463491304347826;20.99415652173913;-77.5131152173913;H314;
H316;4.585267391304348;24.19410326086957;-77.98542391304349;H315;
H317;6.987879545454545;26.412152272727276;-80.4043;H316;
H318;8.750540217391304;27.690500000000004;-83.93970760869564;H317;
H319;8.893534782608697;29.090508695652172;-87.56498804347825;H318;
J320;6.95585477602108;30.778886989459817;-89.07712707509882;H319;
H321;7.120204545454544;32.237652272727274;-91.45909318181816;J320;
H322;4.93005681818182;34.13134090909091;-94.41382954545455;H321;
H323;1.7693728260869563;36.932518478260874;-69.42268152173914;H322;
H324;0.13520909090909106;40.690250000000006;-39.89718181818181;H323;
J325;10.846793896768194;45.12622850499885;25.60027154150197;H324;
H326;10.448821739130436;47.40038043478261;-7.826436956521739;J325;
H327;13.659797826086955;48.360074999999995;-29.253848913043488;H326;
H328;17.350947727272725;48.40833409090909;-74.73279318181818;H327;
H329;21.26418369565218;46.474739130434784;-94.41772717391304;H328;
H330;24.83261195652174;44.958924999999994;-80.65726847826087;H329;
J331;35.47619051932368;50.677697192943945;-66.8599885942761;H330;
H332;39.710086956521735;50.62031847826088;-74.9286;J331;
H333;42.17638260869565;47.40921304347826;-75.78823804347826;H332;
H334;43.223991304347834;43.73380869565218;-76.36849347826087;H333;
J335;48.10601044390392;31.84526660079051;-72.1823970659775;H334;
H336;52.92783043478261;23.80013043478261;-76.10240652173913;J335;
H337;50.35593863636363;22.069054545454545;-78.31980909090909;H336;
H338;49.11036195652174;18.85164239130435;-81.08871304347826;H337;
J339;47.663020289855076;15.201861594202898;-81.15613260869566;H338;
H340;46.66007173913043;11.175254347826085;-80.71551847826086;J339;
H341;44.97077065217391;8.283733695652174;-78.31713369565216;H340;
H342;42.52012499999999;6.832490909090909;-75.40978636363636;H341;
H343;39.37684565217392;6.252033695652173;-73.20645217391304;H342;
J344;34.80639440052701;5.587704545454545;-73.06331785243742;H343;
H345;50.7601043478261;-8.444359782608696;3.7892130434782603;J20;
H346;47.360860869565215;-7.824376086956521;6.442811956521739;H345;
H347;44.61487065217392;-5.7790554347826095;8.287203260869566;H346;
H348;43.0921659090909;-2.424018181818181;10.198625;H347;
H349;42.861588043478264;1.9478380434782612;10.83625652173913;H348;
J350;38.369288577075096;4.300821264822135;5.32858162055336;H349;
H351;58.14539545454545;-38.43635227272728;16.643465909090914;J18;
J352;57.751834967061924;-47.86337861660079;10.882463557312253;H351;
H353;62.91790909090909;-57.58733636363636;11.456615909090909;J352;
H354;61.69708695652174;-61.08045434782609;10.17431304347826;H353;
J355;58.03089820252211;-65.45212971485037;-3.382092014869188;H354;
J356;58.03089820252211;-65.45212971485037;-3.382092014869188;H354;
J357;55.62026236589497;-66.05158147703744;-3.7117954568981744;J355;
J358;55.62026236589497;-66.05158147703744;-3.7117954568981744;J355;
H359;60.51639090909091;-65.19740227272726;8.748924999999998;J358;
H360;59.65049565217391;-68.53130543478261;11.52904347826087;H359;
H361;57.22527727272727;-70.25916818181818;14.30355909090909;H360;
H362;53.939872826086955;-70.68201956521739;16.80723586956522;H361;
J363;46.591492072902945;-72.19459993412384;17.119681510759772;H362;
H364;40.5309847826087;-70.46204673913044;17.283672826086953;J363;
H365;37.96332045454545;-67.21512954545454;17.65099772727273;H364;
H366;35.64425652173912;-64.09087608695651;16.45644456521739;H365;
H367;34.10114239130434;-61.46011413043479;13.156295652173913;H366;
H368;32.04743043478261;-61.01427608695653;9.610678260869566;H367;
H369;29.729373913043474;-62.20908152173912;6.418683695652174;H368;
H370;26.773868181818187;-63.92267045454546;4.574515909090909;H369;
H371;23.85713152173913;-67.23521739130436;3.999638043478261;H370;
J372;22.230994598155466;-67.87210579710145;6.979721772068511;H371;
H373;19.88082272727273;-69.78945227272726;7.201904545454545;J372;
H374;16.5758;-70.14980978260868;9.771882608695652;H373;
H375;13.727667391304347;-68.75131195652175;12.40596086956522;H374;
J376;9.578543181818183;-67.16542901844532;12.720499571805007;H375;
H377;6.811247727272727;-68.25794545454545;13.493843181818182;J376;
J378;-5.051615901489814;-72.72252346331204;16.49279752584372;H377;
J379;-5.051615901489814;-72.72252346331204;16.49279752584372;H377;
J380;-6.881397950238167;-70.00790374987332;13.697590328874025;J378;
J381;-6.881397950238167;-70.00790374987332;13.697590328874025;J378;
H382;-5.069331521739131;-60.20537934782608;11.723317391304349;J381;
H383;-8.78697727272727;-59.69480227272727;9.927327272727272;H382;
H384;-13.056268478260867;-58.5420054347826;10.043096739130435;H383;
H385;-16.00339782608696;-55.80734782608697;10.952374999999998;H384;
H386;-17.710678260869564;-52.36053913043477;11.335455434782606;H385;
H387;-18.06999347826087;-48.33390108695653;12.126163043478261;H386;
H388;-16.347302173913043;-44.183070652173924;12.058530434782607;H387;
J389;-14.954779604743084;-41.24371932806325;9.553768537549407;H388;
H390;-15.932419565217394;-38.212341304347824;7.541300000000001;J389;
H391;-15.879627272727273;-34.783531818181814;4.744756818181817;H390;
J392;-11.091552216261999;-21.31972323546019;1.2651252893845282;H391;
J393;-11.091552216261999;-21.31972323546019;1.2651252893845282;H391;
J394;-8.0824601049313;-16.476356074722382;-4.488704338415208;J392;
J395;-8.0824601049313;-16.476356074722382;-4.488704338415208;J392;
H396;-13.129388636363638;-16.860686363636365;-5.476336363636364;J395;
H397;-14.843603260869564;-13.89300108695652;-7.381516304347826;H396;
H398;-16.67608804347826;-9.790591304347824;-7.29231195652174;H397;
H399;-16.341582608695653;-5.979864130434783;-7.846489130434783;H398;
H400;-14.661572826086957;-2.1788489130434785;-7.688229347826087;H399;
J401;-11.780761419722165;1.8174051300674545;-10.690198882306333;H400;
J402;-11.780761419722165;1.8174051300674545;-10.690198882306333;H400;
J403;-5.8714204447551035;5.581779883031881;-10.34025212670686;J401;
J404;-5.8714204447551035;5.581779883031881;-10.34025212670686;J401;
H405;16.819314130434783;-10.80718695652174;-16.11727391304348;J404;
H406;16.510486363636364;-14.464572727272728;-14.829547727272725;H405;
H407;17.07293043478261;-17.81464565217391;-12.588117391304348;H406;
H408;18.102102173913043;-19.69791304347826;-8.639991304347827;H407;
H409;17.30765217391304;-20.251216304347825;-4.633297826086956;H408;
H410;15.166458695652175;-19.889051086956524;-1.1285249999999998;H409;
J411;11.967783625070583;-16.982682128740823;1.8730432241671373;H410;
H412;-13.373876086956521;24.651128260869562;-8.941381521739132;J403;
H413;-15.956311956521738;26.88517826086957;-6.63069347826087;H412;
H414;-18.946215217391305;27.656507608695655;-4.309589130434782;H413;
H415;-22.75115543478261;27.380989130434784;-2.74774347826087;H414;
H416;-26.359102173913048;24.91611956521739;-1.6997369565217393;H415;
J417;-25.566453051691393;20.955164025631813;5.671074055917732;H416;
H418;-15.361455533596835;9.043834980237154;-14.205744071146245;J402;
H419;-14.338248913043476;11.450997826086956;-17.012264130434787;H418;
H420;-11.856111956521737;13.154711956521739;-19.82723804347826;H419;
J421;-11.105159782608695;12.871455072463768;-23.32971268115942;H420;
H422;-6.639683695652174;12.55058804347826;-24.94489891304348;J421;
H423;-3.7685181818181817;12.749929545454545;-27.60706818181818;H422;
J424;-4.000763274044796;9.396046870882742;-29.637947529644265;H423;
H425;-1.864998913043478;11.21425652173913;-32.984638043478256;J424;
H426;-0.06881195652173899;11.632615217391304;-36.379158695652166;H425;
H427;0.38589891304347823;11.830067391304347;-40.47121739130435;H426;
H428;-1.2167271739130434;12.955433695652175;-44.51575108695653;H427;
H429;-2.7026706521739126;15.79946956521739;-47.10214565217392;H428;
J430;0.8948307641633727;18.125842786561265;-49.52967921607378;H429;
H431;-3.4876097826086965;20.537081521739132;-48.64530108695652;J430;
H432;-4.142771739130435;24.614763043478263;-48.87356195652174;H431;
J433;9.957599173553719;27.450346694214883;-55.85073100071865;H432;
H434;17.74577282608696;28.884860869565216;-64.8465956521739;J433;
H435;18.75870434782609;32.524222826086955;-66.53421413043478;H434;
H436;20.51226304347826;36.25285652173913;-66.68459130434783;H435;
H437;23.18350543478261;39.21055760869565;-65.64409891304348;H436;
H438;26.595724999999995;40.868845652173924;-64.91673586956522;H437;
H439;30.544159090909094;41.11477045454545;-63.508329545454544;H438;
J440;32.79129731789949;38.102580604178435;-64.48126360813099;H439;
H441;35.360544565217396;37.8577152173913;-62.39931739130434;J440;
H442;39.082413043478255;37.16300760869565;-63.405660869565224;H441;
J443;40.79702453886693;37.23039841897233;-66.42084193017128;H442;
H444;-1.243504347826087;-11.464432608695653;-8.37934456521739;J394;
H445;-0.4216086956521737;-13.240070652173912;-11.71790108695652;H444;
H446;-1.511009090909091;-16.076440909090913;-14.932981818181819;H445;
H447;-2.9441728260869566;-16.91162282608696;-18.44335;H446;
H448;-5.4840347826086955;-16.641109782608694;-21.711786956521742;H447;
H449;-8.215616304347828;-14.229479347826086;-24.298946739130436;H448;
H450;-8.654886363636365;-11.59035909090909;-27.112281818181817;H449;
H451;-7.803644565217391;-7.61758804347826;-28.992328260869563;H450;
J452;-1.0936075098814229;-8.33162252964427;-32.25174520045172;H451;
H453;1.5631369565217388;-10.023092391304349;-39.60994347826087;J452;
H454;3.7077136363636365;-13.123804545454544;-41.95295909090909;H453;
H455;3.940429347826087;-15.686415217391305;-44.85997608695652;H454;
J456;1.936062088274045;-17.20070527009223;-47.53212180500659;H455;
H457;-8.895661363636362;-17.033111363636362;3.771597727272727;J393;
H458;-7.226123913043477;-14.985171739130436;7.3458195652173925;H457;
H459;-5.966049999999999;-15.146350000000002;11.014163636363635;H458;
H460;-5.737404545454545;-16.27554545454545;14.944575;H459;
H461;-5.625413636363638;-18.888052272727275;18.09748181818182;H460;
J462;-2.830116883116883;-23.29402467532467;18.29658636363636;H461;
H463;-14.752117391304347;-79.29187717391305;10.65739239130435;J380;
H464;-14.247798913043479;-78.80198913043478;6.858507608695652;H463;
H465;-12.153390909090907;-78.69723636363636;3.27649090909091;H464;
H466;-9.105048913043479;-80.26420543478261;0.47946630434782556;H465;
H467;-7.562850000000002;-83.36157499999999;-1.6636613636363633;H466;
H468;-7.342068181818182;-86.76733181818182;-3.604877272727273;H467;
J469;-7.599658739569609;-90.02055621431708;-6.439716205533597;H468;
H470;-6.390005434782608;-92.73790434782612;-6.804741304347826;J469;
H471;-9.340534090909088;-94.60277499999998;-9.615854545454546;H470;
H472;-11.31926847826087;-94.82947608695652;-13.280514130434781;H471;
J473;-10.25721425965339;-94.74853190939494;-19.438756126482215;H472;
H474;-15.602927173913047;-92.26583695652172;-24.330028260869568;J473;
H475;-14.1711;-92.74651818181817;-27.910134090909093;H474;
H476;-11.776269565217392;-93.95677826086956;-30.97055;H475;
H477;-9.470566304347827;-96.60862282608696;-33.12503369565218;H476;
J478;-11.10656459627329;-101.55897360248446;-33.78316242236025;H477;
H479;-15.203060869565217;-83.40945326086957;18.157751086956523;J379;
H480;-11.659852272727274;-84.15597045454545;19.683522727272727;H479;
H481;-7.295825000000001;-83.48393695652173;19.95509456521739;H480;
H482;-4.254883695652174;-81.83704239130434;21.681864130434782;H481;
H483;-2.002681521739131;-78.88834021739132;23.47746304347826;H482;
J484;-1.369014101371774;-75.29647285514997;37.40417322715648;H483;
H485;54.785058695652175;-65.3427858695652;-15.470591304347826;J357;
H486;50.75319021739129;-67.17435326086957;-16.235426086956522;H485;
H487;48.12738913043478;-68.52551630434783;-18.729472826086955;H486;
H488;45.746801086956516;-68.66314565217391;-22.096886956521736;H487;
J489;40.8625937323546;-64.42296357989837;-20.003824392998304;H488;
J490;40.523557608695654;-62.33316793478261;-23.239384782608695;J489;
H491;45.071947826086955;-65.50658804347827;-32.364927173913046;J490;
H492;44.702556521739126;-64.298375;-36.29656739130435;H491;
H493;42.97258636363637;-63.688463636363636;-39.718129545454545;H492;
H494;40.22623636363637;-64.75442272727274;-42.92660227272727;H493;
J495;35.15505059288538;-63.66245844155844;-42.898579192546585;H494;
H496;35.975167391304346;-59.15974782608696;-14.113842391304349;J490;
H497;38.88401136363636;-56.39757272727272;-13.179520454545454;H496;
H498;40.67176847826087;-53.32953913043479;-11.611127173913042;H497;
H499;41.039107608695645;-49.58017826086957;-9.937783695652175;H498;
H500;39.416675;-46.31317272727273;-7.435522727272728;H499;
J501;39.0461726691977;-66.04615361798767;-15.818878883225853;H500;
J502;39.0461726691977;-66.04615361798767;-15.818878883225853;H500;
J503;26.644205096733927;-69.70832319967408;-12.256317486651412;J501;
J504;26.644205096733927;-69.70832319967408;-12.256317486651412;J501;
H505;33.89689565217391;-38.13161847826087;-3.8514456521739135;J504;
H506;34.31254239130435;-39.965939130434776;-0.1650760869565217;H505;
J507;40.50701919466403;-39.02135039525692;2.071820578063241;H506;
H508;13.114050000000002;-90.91959456521741;-15.44416195652174;J503;
H509;8.722339130434783;-90.67644673913043;-16.366433695652177;H508;
H510;5.420454545454545;-92.26555681818184;-18.19071136363636;H509;
J511;17.759933596837946;-96.71851678194994;-13.638060128458498;H510;
J512;17.759933596837946;-96.71851678194994;-13.638060128458498;H510;
J513;26.408779545454543;-98.86175833333334;-19.27712234848485;J511;
J514;26.408779545454543;-98.86175833333334;-19.27712234848485;J511;
H515;16.900595454545456;-93.7131181818182;-32.485502272727274;J514;
H516;16.728036363636367;-89.90557954545454;-33.98652727272727;H515;
H517;16.850797826086957;-85.51253804347826;-33.48089565217391;H516;
H518;18.765733695652173;-82.11662282608697;-32.13861413043478;H517;
H519;21.740397727272725;-79.78350227272728;-31.26607272727273;H518;
H520;25.79015434782609;-79.03819782608696;-29.648547826086954;H519;
H521;29.607929545454546;-78.6351431818182;-30.227499999999996;H520;
H522;33.333690909090905;-79.25508863636364;-31.812649999999998;H521;
H523;35.98676136363637;-80.22421136363636;-35.128406818181816;H522;
H524;37.77101195652173;-79.42393913043477;-38.482423913043476;H523;
H525;38.23366956521739;-77.87255217391305;-42.31841413043478;H524;
J526;34.02194829545454;-66.84528850049406;-41.07762339426878;H525;
H527;24.090779545454545;-54.878113636363636;-42.09107954545455;J526;
H528;25.75780652173913;-51.035977173913025;-42.31907282608695;H527;
H529;28.760229347826094;-48.30478913043478;-43.086124999999996;H528;
H530;32.26569891304348;-46.92735108695652;-44.73443369565217;H529;
H531;35.40998369565217;-46.797621739130435;-47.48052282608694;H530;
J532;36.10761830969542;-49.3257615089514;-50.84908846779819;H531;
H533;45.45064673913043;-47.00359673913043;-47.10296195652174;J532;
J534;47.3720610342556;-46.16572164031621;-50.6713994400527;H533;
H535;49.83056136363636;-45.32406818181819;-53.90428636363636;J534;
H536;53.547966304347824;-45.94542391304347;-55.83892173913044;H535;
J537;53.39719635485288;-50.64411879666227;-59.91709011857707;H536;
H538;54.257613043478266;-53.93597173913044;-65.88828695652174;J537;
H539;57.50387934782609;-56.28454782608695;-64.90455434782609;H538;
H540;59.48737173913044;-59.46767717391304;-63.88442282608695;H539;
J541;58.52253614404919;-63.642967149758434;-63.17294194115064;H540;
H542;62.083752272727274;-68.3292659090909;-62.89122045454545;J541;
H543;59.93625217391303;-70.42888043478261;-59.591404347826085;H542;
H544;56.804775;-72.33294090909092;-58.31053636363636;H543;
H545;52.867824999999996;-73.35940681818181;-57.836052272727265;H544;
H546;48.71964782608696;-73.71346413043479;-59.355394565217395;H545;
J547;38.08416828063241;-75.78168028656128;-59.397162538427764;H546;
J548;38.08416828063241;-75.78168028656128;-59.397162538427764;H546;
J549;27.2633628458498;-72.02903843873518;-67.26345329929732;J547;
J550;27.2633628458498;-72.02903843873518;-67.26345329929732;J547;
H551;32.98993913043478;-76.92527173913044;-69.8009108695652;J550;
H552;32.36308695652174;-77.2268402173913;-73.9127597826087;H551;
H553;30.624601086956524;-76.73013043478261;-77.329025;H552;
H554;26.95567727272727;-76.67863636363637;-79.80020000000002;H553;
H555;24.017132608695654;-74.84806195652175;-81.55634021739132;H554;
J556;22.66098642951252;-71.32144871541503;-81.63449028326745;H555;
H557;20.08446086956522;-66.24292608695653;-72.67929239130436;J549;
H558;19.904758695652173;-62.61369239130434;-71.07771304347825;H557;
H559;18.89709891304348;-58.23456630434782;-71.06498369565219;H558;
H560;16.494848913043477;-55.340581521739125;-70.05992173913044;H559;
J561;11.962574565217391;-58.03831395256917;-69.68871345849803;H560;
H562;6.6669793478260875;-59.46425869565218;-69.06521847826087;J561;
H563;2.768651086956522;-59.9022402173913;-67.76296086956522;H562;
H564;-0.9495673913043478;-60.96437173913044;-67.84556739130434;H563;
J565;-6.827790876152833;-61.14575694993414;-69.0219181488801;H564;
H566;-9.70498409090909;-64.05462045454547;-65.92836590909091;J565;
H567;-13.102827173913045;-65.5074652173913;-63.496788043478276;H566;
H568;-15.097344999999999;-68.63749;-61.665504999999996;H567;
H569;-15.503402272727275;-71.890325;-59.60671136363636;H568;
H570;-14.693790909090907;-75.65964090909091;-58.223377272727284;H569;
H571;-12.40483409090909;-78.6614340909091;-56.633036363636364;H570;
H572;-9.295370454545456;-80.29278181818182;-54.52447045454546;H571;
H573;-6.324263043478259;-80.50250326086957;-51.75065869565217;H572;
H574;-4.235691304347826;-79.3827;-48.37787717391304;H573;
J575;-1.9503592885375494;-79.4230661660079;-45.38848739130434;H574;
H576;-0.8905478260869564;-75.65126086956522;-44.92434130434782;J575;
H577;0.3645282608695648;-74.16278260869566;-41.23394347826087;H576;
J578;-0.7920932241671373;-77.64565736871823;-37.915328656126476;H577;
H579;44.68202282608695;-79.10675543478263;-54.30317826086957;J548;
H580;40.77280760869565;-77.77811739130435;-54.0220347826087;H579;
H581;36.88555869565218;-76.65927717391304;-55.979244565217385;H580;
H582;33.68991739130435;-77.64026739130435;-58.390736956521735;H581;
H583;31.30395652173913;-80.1147847826087;-60.67478152173915;H582;
J584;27.235057723978922;-83.82012203557312;-61.20249306653491;H583;
H585;36.56905;-101.92171136363638;-15.314397727272727;J513;
H586;39.45887826086957;-99.32694239130436;-15.398841304347826;H585;
H587;40.946765909090914;-95.23586136363636;-14.610004545454546;H586;
H588;42.10300869565218;-92.18058152173913;-12.049216304347826;H587;
H589;43.144215217391306;-90.56452065217391;-8.402970652173913;H588;
J590;49.35126895256917;-95.24343776679841;-3.487028675889328;H589;
H591;16.36258260869565;-96.21576739130435;-5.544606521739132;J512;
H592;18.61591195652174;-95.91959130434782;-2.105204347826087;H591;
H593;20.382395652173912;-94.00397934782609;1.116477173913044;H592;
J594;19.609585355731223;-95.07205162055337;6.769378083003953;H593;
H595;24.109838043478256;-95.43473152173914;9.538918478260868;J594;
H596;23.16844456521739;-93.05399347826085;12.785578260869563;H595;
H597;21.851014130434777;-92.1166445652174;16.30593152173913;H596;
J598;19.35275824110672;-91.51351644268775;20.779205217391304;H597;
H599;18.66276195652174;-86.11143260869564;23.41179891304348;J598;
H600;17.950176086956525;-85.93111086956522;27.252427173913045;H599;
H601;17.89198043478261;-87.11156195652175;31.20158586956522;H600;
J602;20.462128524374176;-87.69465734519105;33.00159515810277;H601;
H603;47.560063043478266;-75.84230869565218;-24.33980760869565;J502;
H604;50.132440217391306;-79.00645108695653;-24.996844565217387;H603;
H605;51.96364891304347;-81.98233152173913;-27.18283695652174;H604;
H606;53.22295454545454;-83.84575681818181;-30.671677272727273;H605;
H607;53.964415217391306;-83.8940652173913;-35.03287608695652;H606;
H608;56.065581521739134;-82.80958695652174;-38.08782282608696;H607;
H609;58.2105597826087;-80.3172489130435;-40.575003260869565;H608;
H610;61.097719565217396;-77.54355869565217;-41.55364782608696;H609;
J611;65.1556440052701;-79.84161989459815;-42.74637289196311;H610;
H612;65.60882608695653;-76.82052826086957;-39.81151630434783;J611;
H613;69.399675;-75.33804565217389;-37.83252282608696;H612;
J614;75.95812597402598;-73.21168447204968;-37.50485457368718;H613;
H615;61.42661818181818;-65.60290454545455;-15.194175;J356;
H616;60.98339347826088;-61.68775;-13.72981956521739;H615;
H617;60.21878695652174;-58.935805434782615;-11.125789130434782;H616;
H618;57.567882608695655;-57.29677282608696;-7.8883;H617;
H619;56.30483152173912;-57.29980978260869;-3.964113043478261;H618;
H620;56.34438913043479;-58.393570652173906;0.009738043478260905;H619;
J621;63.13053904259992;-57.80542573561703;2.8101383838383835;H620;
H622;68.34086086956522;-35.236261956521744;13.365422826086956;J15;
H623;71.50662045454544;-35.43957045454546;15.604868181818183;H622;
H624;75.40405652173914;-35.68112934782609;16.751316304347824;H623;
H625;79.67548863636364;-34.83674318181818;15.96981818181818;H624;
H626;82.80703586956521;-32.25572391304348;15.09732065217391;H625;
H627;84.86567826086956;-28.98394673913043;15.280384782608698;H626;
J628;91.29100103480457;-16.632608272946857;10.195960740557751;H627;
J629;91.29100103480457;-16.632608272946857;10.195960740557751;H627;
J630;88.4815161780852;-18.306759030522617;8.212021733640755;J629;
J631;88.4815161780852;-18.306759030522617;8.212021733640755;J630;
J632;88.4815161780852;-18.306759030522617;8.212021733640755;J631;
H633;90.02873409090907;-27.533831818181817;-0.5149931818181814;J632;
H634;90.07171818181818;-31.024004545454545;-2.6586090909090907;H633;
H635;91.13894782608696;-34.82519891304348;-3.6465978260869565;H634;
H636;92.8461840909091;-38.541397727272724;-2.938168181818182;H635;
H637;94.50065108695652;-41.64478913043478;-0.23995978260869588;H636;
J638;94.04584595959595;-46.20848313570488;0.8970382081686429;H637;
H639;93.85419891304346;-50.73483043478261;-2.3207728260869565;J638;
H640;96.4346456521739;-53.52127717391305;-1.5581489130434787;H639;
H641;99.21367717391304;-55.690861956521736;0.5772619565217394;H640;
H642;100.66491590909092;-57.70177045454545;3.9288295454545454;H641;
J643;92.47172123607619;-61.681826338483646;6.76232335609055;H642;
H644;89.11641630434781;-63.300163043478264;13.206441304347825;J643;
H645;91.37136195652174;-61.54177065217391;16.199529347826086;H644;
H646;92.29219565217392;-59.038322826086954;18.994133695652174;H645;
H647;92.569875;-54.7972652173913;20.459969565217392;H646;
H648;91.05612500000001;-51.889434090909084;22.535165909090914;H647;
H649;87.7180706521739;-49.22692717391304;23.691775000000007;H648;
H650;84.82961521739131;-48.314865217391315;26.093093478260876;H649;
H651;81.54357282608694;-48.87319021739131;28.512995652173913;H650;
J652;81.34900774044796;-50.93238748353096;32.475483201581035;H651;
H653;86.18814565217392;-19.683627173913045;26.838682608695656;J631;
H654;84.18581818181818;-22.172884090909093;29.506411363636364;H653;
H655;82.38409130434782;-23.30791413043478;32.97523152173913;H654;
H656;80.72746304347825;-22.76504239130435;36.71000326086956;H655;
H657;78.82387717391305;-20.701514130434788;39.72829782608696;H656;
H658;76.40943586956521;-17.73394673913043;41.39196739130435;H657;
J659;73.78098679257994;-5.038238816025871;42.74266567777578;H658;
J660;73.78098679257994;-5.038238816025871;42.74266567777578;H658;
J661;77.24011206431908;0.8384437926697806;46.00220589516708;J659;
J662;77.24011206431908;0.8384437926697806;46.00220589516708;J659;
J663;77.24011206431908;0.8384437926697806;46.00220589516708;J659;
J664;77.42916423823212;2.7717381767277516;45.27551993502215;J663;
J665;77.42916423823212;2.7717381767277516;45.27551993502215;J664;
J666;77.42916423823212;2.7717381767277516;45.27551993502215;J665;
H667;73.33279891304348;-10.605241304347825;66.88421956521738;J663;
H668;76.93955;-9.78364090909091;69.34414772727271;H667;
H669;78.93471086956522;-9.562788043478259;72.97818804347826;H668;
H670;79.95104239130436;-10.656127173913045;76.54093695652173;H669;
H671;78.76942173913042;-12.113613043478264;80.62600869565217;H670;
H672;77.76366363636365;-15.185368181818184;83.09443636363635;H671;
H673;77.5108152173913;-18.753279347826087;84.60234673913044;H672;
H674;77.13468;-23.192945;83.866575;H673;
H675;78.82041413043478;-26.667834782608693;83.75357826086957;H674;
J676;82.64469713438736;-28.574163109354412;82.9645048748353;H675;
H677;69.86367934782608;-7.38908695652174;68.60335326086957;J666;
H678;66.05411630434784;-6.42091847826087;69.84828260869565;H677;
H679;63.31564239130434;-4.259790217391305;72.68070217391303;H678;
H680;61.57462934782609;-0.9916456521739133;73.7886641304348;H679;
J681;59.221595375494076;1.3707399209486166;73.67347747035572;H680;
H682;60.67543409090908;3.3355704545454543;75.99107954545454;J681;
H683;61.56179673913044;6.778585869565218;73.75289673913042;H682;
H684;61.27575760869565;9.275843478260871;70.81640869565217;H683;
H685;60.77461136363637;10.484565909090911;66.86039545454545;H684;
J686;62.222436684782615;13.943290489130433;62.39095395256916;H685;
H687;64.62882608695654;17.368708695652174;58.99039565217391;J686;
H688;60.50289239130436;17.78315652173913;58.66771086956521;H687;
H689;57.03950681818182;19.513472727272728;58.955549999999995;H688;
J690;53.389263142292485;18.56619697628458;56.28855357707509;H689;
H691;52.10265434782609;22.995107608695648;62.23150652173912;J690;
J692;49.4444471146245;23.854709249011858;62.8253918972332;H691;
H693;49.314713438735176;24.17429051383399;65.26989822134387;J692;
H694;47.54192499999999;27.936065909090907;66.93760681818182;H693;
H695;44.848288636363634;30.75580227272727;66.92918409090909;H694;
H696;42.254250000000006;33.661971739130436;64.83294130434783;H695;
H697;38.9915097826087;34.48160326086956;62.45022826086958;H696;
H698;35.433040909090906;34.03414318181819;60.962959090909095;H697;
H699;31.987;32.17298863636364;59.74396363636363;H698;
J700;31.020842070158103;33.81463853137352;57.62014572010869;H699;
H701;43.74115326086957;53.74313369565217;64.84684891304349;J700;
H702;41.055676086956524;55.74669456521738;67.95415760869562;H701;
J703;38.1012560417843;57.20121809712027;68.80603068887635;H702;
H704;36.17541086956521;59.11693695652174;69.99597500000002;J703;
H705;32.885516304347824;58.65422826086956;72.03068152173913;H704;
H706;29.11407934782609;56.34782065217391;72.84620000000001;H705;
H707;27.197869565217395;53.133318478260875;74.56644130434782;H706;
H708;26.865409782608694;49.71966304347826;76.87083804347826;H707;
J709;29.394654298418974;47.553900914031615;82.38768073122529;H708;
H710;33.01722717391304;46.16869456521739;86.71898369565218;J709;
H711;33.4949097826087;47.972583695652176;90.42474239130436;H710;
H712;32.498298913043485;49.59681413043478;93.8097195652174;H711;
J713;24.851869974590624;50.6219479390175;93.4158087238848;H712;
H714;22.88687608695652;49.88361413043478;98.30731630434782;J713;
H715;19.653482608695654;48.59636304347826;98.82185108695653;H714;
H716;15.610757608695652;49.09036847826087;99.64271956521739;H715;
H717;11.992979545454544;50.76884318181817;97.59545454545454;H716;
H718;9.170996739130434;51.579034782608694;94.15317717391304;H717;
J719;2.802757460474308;53.0418594367589;94.75410904150196;H718;
J720;3.981902597402597;55.13250971202711;96.4282823263693;J719;
H721;6.509292391304349;50.800511956521746;86.49405760869564;J720;
J722;3.9184095849802376;49.835529743083015;84.88130708168643;H721;
H723;7.906845454545454;46.23355454545455;83.92311363636364;J722;
H724;7.214529347826087;41.6462554347826;83.70793260869564;H723;
H725;5.2154369565217396;38.04286739130434;83.34041304347826;H724;
J726;-0.5462153162055335;35.24244597332016;81.83530778162056;H725;
H727;-3.565481818181818;54.504684090909095;95.3550409090909;J719;
H728;-6.684695454545455;55.053340909090906;93.34113181818182;H727;
H729;-9.010003260869565;56.10756847826087;89.40101304347826;H728;
J730;-9.42429760375494;53.463258003952575;83.56316015316204;H729;
H731;-10.364807608695653;53.196752173913055;77.76909347826087;J730;
H732;-11.578861956521738;50.993194565217394;74.92579021739131;H731;
H733;-11.592326086956522;47.69800000000001;73.47488043478262;H732;
J734;-9.956468145885736;42.40219116061804;75.92778956162414;H733;
H735;61.365300000000005;7.551544565217392;39.357977173913035;J665;
H736;57.740521739130436;8.703482608695653;37.77141413043478;H735;
H737;55.214636956521744;10.582042391304348;35.11073695652174;H736;
J738;55.73235583003953;8.941519688735179;29.5912456027668;H737;
H739;95.54400760869565;13.341164130434784;37.24659782608696;J664;
H740;93.92726363636363;14.200831818181818;41.27393863636364;H739;
H741;91.88335217391304;16.358855434782612;43.77049782608695;H740;
H742;90.99399565217392;20.389584782608697;45.547363043478256;H741;
H743;89.26013369565217;24.090566304347824;45.26093152173913;H742;
H744;86.62076195652175;26.777788043478253;44.280990217391306;H743;
H745;83.94202282608695;28.61503152173913;41.175754347826086;H744;
H746;80.43898260869565;28.569233695652173;39.00343478260869;H745;
H747;76.69319347826087;27.232259782608693;37.91791956521739;H746;
H748;73.00972173913043;26.15138695652174;38.33291413043477;H747;
J749;68.07177870553359;25.26527277667984;40.846584362648215;H748;
H750;77.09298369565218;11.874478260869566;32.827809782608696;J662;
H751;77.0913043478261;15.577697826086954;31.014369565217386;H750;
H752;76.65696413043479;18.263392391304343;27.9167;H751;
H753;75.44690869565218;19.154772826086955;23.68168478260869;H752;
H754;72.62620681818183;19.761725;21.08387954545455;H753;
H755;68.83268695652174;18.666190217391303;19.089521739130433;H754;
H756;64.72762272727273;18.499399999999998;19.103552272727274;H755;
J757;63.78783940711462;22.190467667984187;19.634123675889327;H756;
H758;58.8465152173913;21.769531521739133;17.859120652173914;J757;
H759;57.06843863636364;24.103172727272728;21.18944545454545;H758;
H760;55.89898181818181;27.49649318181818;22.82409090909091;H759;
J761;56.79245932806324;29.95505154150198;22.950573596837945;H760;
H762;54.11696195652175;31.135840217391305;23.273502173913045;J761;
H763;53.71103181818182;35.24399090909091;23.707334090909093;H762;
H764;52.708654347826084;39.05849673913043;22.701089130434777;H763;
H765;50.8929543478261;42.010625;20.469682608695656;H764;
H766;48.02099673913044;43.236939130434784;17.23847608695652;H765;
H767;44.21095108695653;43.25272608695652;15.66808586956522;H766;
J768;42.05697075098814;46.0531611660079;17.645642127799736;H767;
H769;40.532290217391306;49.399375;18.947604347826086;J768;
J770;37.89384387351779;51.85779400527009;19.987356719367586;H769;
H771;36.003979545454555;55.361174999999996;20.55351818181818;J770;
J772;32.799378524374184;55.68791017786561;21.67127302371541;H771;
H773;30.93947717391304;58.029893478260874;21.79703804347826;J772;
J774;29.985452357425174;55.593138354037265;26.558231818181817;H773;
H775;25.159490909090913;53.41930227272727;31.029909090909094;J774;
H776;22.614126086956517;56.73305;32.55666195652174;H775;
H777;20.25759456521739;59.72239347826087;31.898379347826086;H776;
J778;18.971330006587614;63.7605576745718;32.33966735836627;H777;
H779;17.991020454545456;67.60692954545455;34.22614772727273;J778;
H780;15.724710869565214;70.45798804347827;32.36899130434783;H779;
H781;12.974807608695656;71.64547065217391;29.01930543478261;H780;
H782;9.429944565217394;71.15020326086956;26.92856304347826;H781;
J783;4.528426284584981;71.17804964426877;28.766542154150194;H782;
H784;2.455139130434783;72.9261358695652;25.782824999999995;J783;
H785;-1.4490086956521737;71.52531630434783;25.292608695652174;H784;
J786;-4.818660632411067;69.89134347826086;26.16562003952569;H785;
H787;-7.21400652173913;71.03104239130434;26.848464130434778;J786;
H788;-11.017233695652173;71.52693586956522;28.352800000000002;H787;
H789;-14.069578260869566;73.46482173913043;30.32574347826087;H788;
H790;-16.41628409090909;76.40066136363637;31.298886363636363;H789;
H791;-17.801147826086957;80.17370434782609;31.941647826086957;H790;
J792;-17.903327950310562;83.78560189158667;28.009347430830037;H791;
H793;60.179845652173924;-4.503546739130435;45.28190108695652;J660;
H794;57.746453260869565;-2.059352173913043;43.49813695652175;H793;
H795;54.91141136363637;-0.8453295454545454;40.72018636363636;H794;
H796;51.30517727272727;-1.473993181818182;38.3594;H795;
H797;47.470152173913036;-1.8941565217391294;37.94940108695653;H796;
J798;44.56402127799737;-2.5834303689064555;40.156844664031624;H797;
H799;89.05267282608696;-10.83403043478261;3.80466847826087;J630;
H800;86.09758478260869;-13.453118478260869;2.4685260869565218;H799;
J801;82.00918158567777;-19.539299500116254;-7.003015938153917;H800;
H802;81.60033260869564;-26.052126086956527;-18.64020326086957;J801;
H803;78.75503557312254;-28.71242391304348;-17.384533596837947;H802;
H804;75.13063913043479;-30.078784782608704;-15.929394565217393;H803;
H805;70.96907173913043;-29.16003260869565;-14.505348913043479;H804;
H806;67.236125;-27.55145543478261;-15.18704130434783;H805;
H807;64.11355;-26.46347272727273;-17.22476818181818;H806;
J808;59.17807916996047;-30.810307055335972;-25.97035553359684;H807;
J809;49.89046032608695;-29.979589130434782;-24.973009239130437;J808;
H810;53.80199782608695;-26.480919565217388;-25.33096847826087;J809;
H811;55.1383097826087;-23.484451086956526;-27.84617826086956;H810;
J812;53.069480237154146;-16.562539196310937;-26.588903381642513;H811;
H813;45.97892282608696;-33.47825869565217;-24.615050000000004;J809;
H814;44.88229891304347;-30.820853260869562;-21.652217391304347;H813;
H815;43.912218181818176;-26.710081818181827;-20.332234090909093;H814;
H816;41.83248369565217;-23.13619239130434;-20.694238043478258;H815;
H817;38.79310652173913;-20.853889130434784;-21.397071739130432;H816;
H818;35.34035434782608;-19.525;-23.21398695652174;H817;
H819;31.43704772727273;-20.35707272727273;-25.122138636363637;H818;
H820;27.68962826086957;-21.353772826086953;-24.985741304347826;H819;
H821;24.504132608695652;-24.185457608695653;-23.55568043478261;H820;
H822;22.075400000000002;-25.59440760869565;-20.54021086956522;H821;
H823;20.383916304347828;-25.671897826086955;-16.784875;H822;
J824;19.419837272727275;-26.596716798418974;-14.257093280632413;H823;
H825;16.873608695652173;-28.464053260869562;-13.539494565217394;J824;
J826;13.491235869565218;-37.48062934782608;-14.89389239130435;H825;
J827;10.22875533596838;-38.991252865612644;-8.52607315546772;J826;
H828;6.61589456521739;-39.925772826086956;-3.9098836956521734;J827;
H829;10.02835543478261;-38.078755434782614;-2.4972717391304347;H828;
H830;11.998830434782606;-34.695590217391306;-0.29168804347826083;H829;
J831;15.363273201581027;-34.40240490118577;0.8375791699604743;H830;
H832;15.15019347826087;-31.804240217391303;2.676408695652174;J831;
H833;15.784638636363635;-29.097136363636366;5.758477272727273;H832;
H834;15.7347;-27.959240909090912;9.962634090909091;H833;
H835;16.595270454545457;-28.657920454545447;13.906015909090911;H834;
H836;18.502779545454544;-30.036677272727275;17.014499999999998;H835;
J837;22.358087165913794;-30.651136945228682;19.55957066111425;H836;
H838;10.10886304347826;-46.49720543478261;-16.248290217391304;J826;
H839;7.487908695652173;-49.64691630434783;-16.713965217391305;H838;
H840;4.071079545454546;-51.43064772727273;-17.179888636363636;H839;
H841;0.07957282608695682;-52.19644130434783;-17.046658695652177;H840;
J842;-8.429498239310096;-52.478626572044554;-18.66797924901186;H841;
H843;-15.344455434782608;-51.79128152173912;-23.675803260869564;J842;
H844;-18.579442391304347;-54.31913152173912;-24.05849239130435;H843;
H845;-22.176461363636363;-55.654238636363644;-23.46531818181818;H844;
H846;-25.74371590909091;-56.36087727272728;-21.57961818181818;H845;
H847;-28.975061956521735;-55.17933369565218;-18.79736630434783;H846;
H848;-31.83092717391304;-52.47905869565217;-17.56425760869565;H847;
J849;-34.76585442193675;-48.9045214673913;-22.20370938735178;H848;
H850;103.21862954545455;-3.020443181818182;12.740943181818182;J629;
H851;101.04471363636364;-2.2564681818181818;8.982745454545455;H850;
H852;97.84937727272728;-1.3046659090909098;6.959404545454545;H851;
H853;93.55627954545454;-1.438172727272728;6.234718181818182;H852;
H854;89.93880652173914;-0.13178260869565173;6.678951086956522;H853;
H855;86.68848152173913;1.5054380434782613;8.616046739130434;H854;
H856;84.68116956521739;4.205085869565217;11.008846739130435;H855;
H857;84.15053863636362;7.844681818181819;12.932490909090909;H856;
H858;85.2041152173913;12.081008695652173;13.649534782608697;H857;
H859;85.18964239130435;15.775614130434782;12.520942391304347;H858;
H860;86.00963863636363;18.863325000000003;9.459938636363637;H859;
H861;85.132475;20.833452173913038;5.912400000000001;H860;
H862;82.89689347826086;22.43187282608696;3.1854608695652176;H861;
J863;83.99136748188405;35.25267891139657;8.777929339591568;H862;
J864;83.99136748188405;35.25267891139657;8.777929339591568;H862;
J865;79.54811929347827;47.07178036067194;6.103524448287221;J863;
J866;79.54811929347827;47.07178036067194;6.103524448287221;J863;
H867;79.02542173913044;47.94378586956521;-0.8875554347826091;J866;
H868;78.99208369565218;45.57493804347826;-3.930815217391304;H867;
H869;79.43706847826087;42.07794565217391;-6.084551086956522;H868;
H870;78.92107173913044;38.07740434782609;-6.919547826086957;H869;
J871;79.9530399774139;32.61290319028797;-8.269261716544325;H870;
H872;76.5070445652174;58.296173913043475;7.4614967391304345;J865;
H873;72.5604402173913;58.00191413043479;8.69376956521739;H872;
J874;68.22847084980236;59.867461824769435;9.050371805006586;H873;
H875;87.90105326086956;35.59482608695652;13.448203260869565;J864;
H876;91.45090326086955;37.69232608695652;13.031995652173915;H875;
H877;95.1904260869565;38.297584782608695;12.27613260869565;H876;
H878;99.27423863636363;37.44495909090909;12.22014090909091;H877;
J879;102.86230844861659;36.31505612648221;10.208781916996047;H878;
H880;106.58732717391304;38.60300652173913;10.728582608695653;J879;
H881;110.34223695652175;37.10201195652173;9.793302173913045;H880;
J882;111.29282137210616;35.3859539808018;4.921204093732355;H881;
H883;83.3056902173913;18.255967391304345;62.57776413043479;J12;
H884;85.88976086956521;20.18074565217391;60.41537934782608;H883;
H885;89.76749565217392;22.436416304347823;60.12427608695651;H884;
H886;93.90139782608696;22.46203152173913;59.865263043478265;H885;
J887;100.76986183300394;21.471859955533596;57.170983917984195;H886;
H888;107.79735978260868;22.08993695652174;53.31498586956522;J887;
H889;110.65628586956524;20.76566956521739;51.06491086956522;H888;
H890;112.48835227272727;17.512347727272726;48.69236590909091;H889;
H891;113.21513478260871;15.686133695652174;45.34448369565217;H890;
H892;111.67863804347826;13.906723913043479;41.51480326086956;H891;
H893;111.03817065217392;14.222957608695655;37.71581739130435;H892;
J894;110.44562638339922;16.511586495388666;34.523604940711465;H893;
H895;89.87985978260869;-18.64938152173913;11.495554347826086;J10;
H896;94.17292608695652;-17.26654891304348;11.761022826086958;H895;
H897;97.86289772727272;-17.637875;10.614254545454546;H896;
H898;101.45051590909091;-19.95590681818182;9.760006818181818;H897;
H899;103.81084239130435;-21.938355434782608;7.3999173913043474;H898;
H900;104.3737659090909;-24.968613636363635;4.226297727272726;H899;
H901;104.71161462450596;-25.94557411067194;0.5375800395256918;H900;
H902;103.28986086956522;-25.841830434782608;-3.7259597826086956;H901;
H903;102.89963913043478;-23.802470652173913;-7.286640217391305;H902;
H904;103.86851363636364;-21.305340909090905;-10.168004545454545;H903;
J905;90.49523344861662;-15.264040019762845;-8.617407707509882;H904;
J906;106.31139316064369;-25.665344882834557;-8.91595700169396;J905;
H907;116.34199891304348;-28.916825000000003;-18.95505326086957;J906;
H908;116.96671956521737;-31.428695652173918;-15.728548913043479;H907;
H909;119.12553152173913;-33.22706630434783;-12.712785869565217;H908;
H910;122.1631956521739;-33.59319239130435;-9.951182608695653;H909;
J911;123.14542903444382;-29.724528893280628;-7.223260005646528;H910;
H912;77.12195326086956;-9.222739130434782;-7.066810869565218;J905;
H913;76.38462173913042;-6.755072826086956;-10.808071739130433;H912;
H914;76.97024891304349;-6.176417391304348;-14.584861956521738;H913;
H915;79.05120760869566;-5.841063043478261;-18.137854347826085;H914;
J916;81.61650217391305;-9.00532445652174;-22.223071195652174;H915;
J917;87.38322262375307;-0.31530925089403367;-10.23079070205157;J916;
H918;100.26923695652175;1.8261108695652173;-11.369759782608696;J917;
H919;100.24712826086957;5.201645652173913;-13.79438804347826;H918;
J920;98.66452483530962;6.845887747035573;-14.285711824769434;H919;
H921;84.18179673913043;-12.169585869565218;-26.30828804347826;J916;
H922;85.7257847826087;-11.409059782608697;-30.069629347826087;H921;
J923;87.06817023715416;-12.017766561264825;-33.23148051383399;H922;
H924;86.52252717391303;-10.528629347826087;-35.92286739130435;J923;
H925;86.79817954545453;-12.651002272727272;-39.79399545454545;H924;
H926;85.39295217391305;-15.370503260869565;-42.59738043478261;H925;
H927;82.69949545454543;-17.316568181818184;-44.60558636363638;H926;
H928;79.18910869565218;-19.125422826086954;-45.58965326086957;H927;
H929;74.79037272727274;-19.393818181818183;-45.205254545454544;H928;
H930;70.9673793478261;-17.745109782608694;-45.43096304347827;H929;
J931;71.78715901185771;-15.207956640316207;-45.2179343083004;H930;
H932;71.15626818181818;-13.532856818181818;-47.658697727272724;J931;
H933;70.52395108695652;-10.240785869565217;-50.11240000000001;H932;
J934;81.57129533738002;-20.34077074604744;-56.43014262987014;H933;
J935;81.57129533738002;-20.34077074604744;-56.43014262987014;H933;
J936;76.11039798066065;-22.533200711462456;-53.038803968802945;J934;
J937;76.11039798066065;-22.533200711462456;-53.038803968802945;J934;
J938;76.11039798066065;-22.533200711462456;-53.038803968802945;J934;
J939;76.87292755081876;-22.57494144762846;-54.02076528303219;J936;
J940;76.87292755081876;-22.57494144762846;-54.02076528303219;J936;
J941;76.87292755081876;-22.57494144762846;-54.02076528303219;J936;
J942;79.58654281761717;-22.934717411067197;-67.42513531761718;J941;
J943;79.58654281761717;-22.934717411067197;-67.42513531761718;J942;
H944;69.35011818181817;4.488468181818183;-58.97591818181819;J938;
J945;68.84288068181817;6.056703409090909;-60.35452954545455;H944;
J946;71.19140914031621;19.59084382411067;-59.88583463438735;J945;
H947;66.25399772727273;26.79293863636363;-61.48903863636363;J946;
H948;63.738048913043485;29.56085760869565;-63.29293695652174;H947;
H949;62.307255434782604;33.06068913043478;-64.09504565217391;H948;
H950;61.1007554347826;36.97336956521739;-63.43253913043478;H949;
J951;69.10472111330698;29.853166265920073;-59.500404962670174;H950;
J952;69.10472111330698;29.853166265920073;-59.500404962670174;H950;
J953;79.47706241765482;29.180399418093987;-43.92525224527888;J951;
J954;79.47706241765482;29.180399418093987;-43.92525224527888;J951;
H955;68.47808586956523;45.80070326086957;-46.59265760869566;J954;
H956;65.81530434782609;48.945346739130436;-46.665652173913045;H955;
H957;62.857335869565205;51.41617934782609;-45.2006402173913;H956;
H958;60.56185000000001;53.253051086956525;-42.3157347826087;H957;
H959;59.66618260869565;54.682480434782605;-38.554769565217384;H958;
J960;60.510842168972324;59.391699629446634;-31.482365019762845;H959;
H961;91.17285217391304;21.529588043478263;-33.03999347826087;J953;
H962;89.1078804347826;23.951265217391303;-30.391402173913043;H961;
H963;88.33960652173914;27.127299999999998;-27.90881739130435;H962;
H964;88.47359239130435;30.85078369565217;-26.71279347826087;H963;
H965;90.45623152173913;34.87087282608696;-26.485239130434785;H964;
H966;91.43568369565217;38.47931086956521;-28.231976086956518;H965;
H967;91.41566086956522;41.37931086956522;-31.161065217391304;H966;
H968;89.915075;43.46454545454546;-34.318040909090904;H967;
J969;83.79299784405316;47.49845928853754;-34.53316825368307;H968;
H970;63.744493478260864;27.96155543478261;-71.34551086956522;J952;
H971;66.07157272727272;24.897425;-72.76456590909089;H970;
H972;68.38861195652173;21.455721739130432;-72.64384130434783;H971;
H973;69.22160652173915;17.70480978260869;-71.90058695652174;H972;
J974;71.98268680449985;11.302357449072666;-65.40597970507753;H973;
H975;77.65023260869566;14.591634782608697;-55.42182826086956;J974;
H976;77.88927045454545;15.193711363636364;-51.0366590909091;H975;
H977;78.88531847826087;13.944290217391305;-47.20581304347826;H976;
H978;81.02948369565217;12.2519;-44.47399782608696;H977;
H979;83.45364782608695;8.733007608695651;-43.07743043478261;H978;
H980;86.92745454545454;7.0872113636363645;-42.545665909090914;H979;
H981;90.93902934782608;5.86473260869565;-43.95295;H980;
H982;94.73539090909091;6.598699999999999;-44.30126363636363;H981;
H983;98.14089782608696;9.226335869565217;-45.3342597826087;H982;
H984;100.92849239130433;11.677227173913046;-44.26322173913043;H983;
H985;102.1795141304348;15.422970652173912;-42.11399673913044;H984;
H986;103.68206590909092;17.10094090909091;-38.95473181818182;H985;
H987;104.44522954545455;17.830127272727275;-34.985813636363645;H986;
J988;104.63412986660079;17.61779100790514;-30.891509140316206;H987;
H989;108.08797173913044;21.65574130434782;-31.01524565217391;J988;
H990;110.21667499999998;19.19186363636363;-28.823390909090904;H989;
H991;111.6206195652174;15.128866304347827;-27.696056521739127;H990;
J992;118.20469241326307;4.730357899648661;-31.63218181818182;H991;
J993;118.20469241326307;4.730357899648661;-31.63218181818182;H991;
J994;121.47909404369784;8.864269675010977;-35.11927167325429;J992;
J995;121.47909404369784;8.864269675010977;-35.11927167325429;J992;
H996;122.73490760869566;14.84821304347826;-40.01040217391305;J995;
H997;120.47564347826086;17.059654347826083;-37.345128260869565;H996;
H998;119.09646739130434;18.247284782608695;-33.64640978260869;H997;
J999;121.54511348265262;11.023611264822135;-29.44300169082126;H998;
H1000;126.82875108695652;9.422005434782607;-36.47418913043478;J994;
J1001;126.95528952569168;8.00957581027668;-38.148956561264825;H1000;
H1002;122.56269021739134;-3.12005652173913;-32.17009239130435;J993;
H1003;122.31421956521739;-6.584150000000001;-33.868226086956525;H1002;
H1004;123.7090847826087;-10.84263043478261;-34.20326086956522;H1003;
H1005;123.15028804347827;-14.594091304347826;-33.468992391304354;H1004;
H1006;122.24311739130435;-17.982259782608693;-31.301854347826087;H1005;
H1007;119.93057045454545;-20.295443181818182;-28.746618181818185;H1006;
J1008;116.35508639657444;-21.443978096179183;-27.775068708827405;H1007;
H1009;68.33564318181818;7.624938636363635;-61.733140909090906;J945;
H1010;69.0103206521739;9.555101086956522;-65.25218586956521;H1009;
H1011;70.47481739130436;10.006161956521739;-69.0782304347826;H1010;
H1012;71.76831847826085;8.771004347826086;-72.79213478260871;H1011;
H1013;72.09941630434784;6.222363043478261;-76.01861956521739;H1012;
J1014;67.56507353298875;4.606139723320158;-82.78559621465492;H1013;
H1015;61.29523369565217;2.508367391304348;-92.0288456521739;J1014;
H1016;60.62803369565217;3.7959815217391304;-95.65684891304348;H1015;
J1017;64.02175590062112;4.294983794466403;-0.7978171089779786;H1016;
H1018;74.67922727272727;2.498688636363636;-58.2847409090909;J941;
H1019;75.90971413043479;0.49581195652173893;-54.95738152173914;H1018;
J1020;78.83008728590251;-0.6168263175230569;-53.46270520421607;H1019;
H1021;77.27310652173914;-11.436490217391306;-94.59256195652173;J943;
H1022;75.50824782608696;-10.887279347826084;-90.43599565217392;H1021;
H1023;74.62702065217391;-12.384593478260868;-86.69815434782609;H1022;
H1024;74.65953695652175;-15.144560869565218;-83.63632282608695;H1023;
H1025;76.09830978260868;-18.351995652173915;-81.43279456521738;H1024;
J1026;79.26753170525127;-18.80768749294184;-79.997313608131;H1025;
H1027;78.84187727272726;-22.616261363636365;-80.46036136363637;J1026;
H1028;81.6890652173913;-24.539914130434788;-78.54515434782608;H1027;
H1029;85.5966431818182;-25.46416590909091;-77.49394772727273;H1028;
J1030;89.59793623188408;-24.959374011857708;-77.60093698945981;H1029;
H1031;90.93413369565218;-25.797790217391302;-75.34608369565217;J1030;
H1032;94.06609772727273;-24.786393181818184;-72.95137727272729;H1031;
J1033;95.42236212121212;-24.297090909090908;-70.09999772727274;H1032;
H1034;85.30976818181819;-40.81059318181817;-50.55130227272728;J942;
H1035;84.77540543478261;-42.24053804347827;-54.56509347826088;H1034;
H1036;86.2498590909091;-44.50722727272727;-58.06642045454545;H1035;
H1037;87.01908863636362;-47.85114318181817;-59.91909772727273;H1036;
H1038;88.07601818181818;-51.77735454545456;-60.41700681818183;H1037;
H1039;88.29835909090909;-55.90225454545455;-59.03530000000001;H1038;
H1040;86.59941818181818;-59.28779318181819;-57.47612045454546;H1039;
H1041;83.93207826086956;-62.01544891304347;-56.744338043478265;H1040;
J1042;80.21915790513835;-61.09795699604742;-56.769992885375494;H1041;
H1043;79.82822954545455;-61.61305227272727;-58.10666590909091;J1042;
H1044;75.69353695652173;-61.48976847826087;-59.67676086956523;H1043;
J1045;76.47556151185772;-64.78282905138339;-64.71392544466403;H1044;
H1046;77.04918636363637;-53.30666818181817;-33.24164318181818;J940;
H1047;77.84813695652174;-54.34303260869565;-37.18070760869565;H1046;
H1048;78.12929545454546;-56.73077272727272;-40.22897045454546;H1047;
H1049;79.18265978260868;-60.603143478260876;-42.0902597826087;H1048;
H1050;78.12908409090909;-64.14231136363635;-43.28716136363636;H1049;
H1051;76.12453152173913;-68.04296195652174;-42.702031521739116;H1050;
H1052;72.99583409090909;-70.30108181818181;-43.13127045454546;H1051;
J1053;69.296484914361;-69.39259212779973;-45.17845645586298;H1052;
H1054;79.32817717391305;-55.1294847826087;-28.622620652173914;J937;
H1055;80.88217173913043;-58.0667793478261;-26.18194130434783;H1054;
H1056;83.62057826086959;-60.90418260869565;-24.954744565217396;H1055;
J1057;87.48769670619237;-58.95588300395257;-25.78365563241107;H1056;
H1058;99.9979336956522;-31.630510869565224;-51.051493478260866;J935;
H1059;103.09103478260869;-32.08448586956522;-48.35552065217391;H1058;
H1060;105.74961136363635;-34.15833863636364;-45.976647727272734;H1059;
J1061;108.48666111660079;-34.66482312252964;-44.4818178853755;H1060;
J1062;97.76132705039525;-44.095744515810274;-44.12516536561265;J1061;
H1063;89.84540652173914;-52.29519347826088;-42.797000000000004;J1062;
H1064;92.88872282608695;-55.51246195652174;-41.84341086956522;H1063;
H1065;96.18485652173915;-56.59257500000001;-40.14244456521739;H1064;
H1066;100.14104239130435;-56.42209347826088;-38.99482717391304;H1065;
H1067;103.73196630434782;-54.02038586956522;-37.756857608695654;H1066;
H1068;105.5159945652174;-51.32554782608696;-35.198195652173915;H1067;
H1069;106.21188863636364;-49.42817045454545;-31.844531818181814;H1068;
J1070;103.1981015480896;-48.817871936758884;-31.93007938076416;H1069;
H1071;107.56591739130437;-46.62148586956522;-30.097021739130433;J1070;
H1072;109.2130206521739;-46.11413586956521;-26.29716195652174;H1071;
H1073;111.84928863636362;-46.39651136363637;-23.447036363636364;H1072;
J1074;118.07637709705753;-46.61551201141854;-22.97132235397453;H1073;
H1075;111.2237108695652;-35.17130760869565;-42.98698804347826;J1061;
H1076;114.50080108695653;-37.50716630434782;-40.98827065217391;H1075;
H1077;118.17056739130436;-38.788083695652176;-41.00054565217392;H1076;
J1078;119.54812420948618;-40.30562766798418;-35.86464436758894;H1077;
