24;
H0;-7.722337671963946;1.4767090370018976;8.225704749762807;null;
H1;2.4439098039215685;0.5205745098039215;13.973265686274509;H0;
J2;7.085818538324421;0.2923933155080215;14.414557085561496;H1;
J3;6.625306149732621;2.340943404634581;17.87220989304813;J2;
H4;20.11402925996205;1.0258116238284174;14.779194924961189;J2;
H5;28.562730550284627;5.522329222011384;21.34540322580645;H4;
H6;30.40326818181818;10.997761363636366;30.925575;H5;
J7;30.666933333333333;8.443696969696969;36.67467272727273;H6;
H8;19.708303339083432;14.855320021275372;40.35435656086482;J7;
H9;8.046953763440861;19.11275450664137;43.990743485135994;H8;
J10;4.150159506833037;15.18953089720737;42.03131841948901;H9;
H11;4.057816666666666;13.548166666666667;45.11858333333335;J10;
J12;2.3012196078431364;10.48818431372549;46.563394117647064;H11;
H13;-2.3146984980737164;9.47209983382209;55.23057553734691;J12;
H14;-8.263398383263374;19.071126163916208;63.1724785013321;H13;
J15;-12.573665464895635;25.39483268817205;61.49306340290955;H14;
H16;32.960826346386064;-2.13256394399402;29.349989538841925;J3;
H17;38.433586363636365;-11.090525757575758;28.279333333333334;H16;
J18;41.032495864527625;-11.049408342245988;25.81486809269162;H17;
H19;47.62511048914189;-9.926699700036417;25.078523089529067;J18;
J20;53.34496171352998;-9.408356360186305;26.25529294807659;H19;
H21;58.19993868092691;-6.416153834742109;33.34041238169168;J20;
H22;63.845954545454546;-14.654751515151515;41.43792727272728;H21;
J23;67.07058024955437;-18.406876292335117;40.3603495543672;H22;
