66;
J0;-0.262090375494071;39.872025345849806;-0.7963297183794462;H28;
J1;-0.262090375494071;39.872025345849806;-0.7963297183794462;H28;
J2;-1.402430321146245;49.38835266798419;8.000331200592885;J0;
J3;-1.402430321146245;49.38835266798419;8.000331200592885;J0;
J4;-1.402430321146245;49.38835266798419;8.000331200592885;J0;
J5;-5.183076442687747;52.578295059288536;10.058302445652174;J4;
J6;-5.183076442687747;52.578295059288536;10.058302445652174;J5;
H7;6.021385098814229;44.62922470355731;19.285956363636362;J4;
J8;9.869796753246751;50.62636168831169;19.822623376623376;H7;
H9;14.462935019762847;55.7406693478261;27.0296897826087;J8;
J10;16.44363451086957;63.704577989130435;30.081851630434784;H9;
H11;-13.363675316205535;48.087695059288535;11.089782351778656;J6;
H12;-17.077271581027667;39.479275553359685;1.4046673320158098;H11;
J13;-13.757329018445324;33.8642928853755;3.764474505928853;H12;
H14;-17.837795421607378;28.453956719367593;4.386122167325428;J13;
J15;-20.942127338603424;23.000729644268773;5.849133366271409;H14;
H16;-8.467294189723319;67.64637586956522;12.516224644268775;J5;
J17;-14.032878019323668;74.88753076416336;18.584237834870446;H16;
H18;-17.98218722826087;81.36592038043479;25.37401766304348;J17;
J19;-23.951772101449276;85.74343550724637;30.95200869565217;H18;
H20;1.4941101449275365;55.11424005270092;-5.433620586297761;J3;
J21;2.0638578204404294;49.0632174336533;-16.213035262563526;H20;
H22;-3.1887942621870886;43.281315322793155;-29.33519812911726;J21;
J23;-4.916306280193236;39.556046618357485;-37.70107270531401;H22;
H24;9.187845108695653;38.43554402173913;-6.988622282608695;J1;
J25;14.886581521739132;42.10772307312252;-5.481332756916997;H24;
H26;23.225068725296445;46.184346566205534;-6.091897579051384;J25;
J27;31.35842210144928;48.7146940052701;-6.808240415019761;H26;
H28;-0.34030282608695683;30.77061369565218;-11.950071304347826;J0;
J29;-11.212274847287102;24.58402919511319;-13.05995016169601;H28;
H30;-20.796274150197625;16.769307035573124;-18.71311051383399;J29;
H31;-27.419505764163375;3.8979352931488798;-13.389602980895916;H30;
J32;-35.38672659001078;-2.2106485649478977;-1.7799726935860585;H31;
J33;-35.38672659001078;-2.2106485649478977;-1.7799726935860585;H31;
J34;-33.13435905048509;1.7681643385435382;0.9735001242663791;J33;
J35;-33.13435905048509;1.7681643385435382;0.9735001242663791;J34;
J36;-33.13435905048509;1.7681643385435382;0.9735001242663791;J35;
H37;-42.600619782608696;13.744467173913046;3.2602365217391296;J36;
H38;-37.88277954545455;19.965988636363637;6.424481818181819;H37;
J39;-36.3147565782044;21.374110050818746;4.734140146809713;H38;
H40;-38.51804347826088;29.681646660079053;11.317107272727274;J39;
J41;-30.043335731225298;45.44095133069829;15.150148379446643;H40;
H42;-35.304200869565214;41.09580519762846;20.348449426877472;J41;
H43;-25.81540909090909;39.94265909090909;28.68125;H42;
J44;-26.771068074020842;38.50283162055336;34.73810138339921;H43;
H45;-28.289786001317523;29.64415240447958;39.283191238471666;J44;
J46;-32.867160004940715;26.140526136363633;41.691283720355734;H45;
H47;-40.6005388339921;21.503433794466403;40.37251112648221;J46;
H48;-44.37695210803688;11.238738274044792;38.83947697628458;H47;
J49;-41.13115707509882;-3.471730118577075;36.29787343873518;H48;
H50;-42.30154192193676;5.383089352766799;21.593989278656128;J49;
J51;-34.90459418093983;10.914739591567853;21.020820223978923;H50;
H52;-25.93671230237154;15.200055928853756;22.644266501976283;J51;
J53;-19.546798807641636;23.27562546772068;23.920463656126483;H52;
H54;-18.824802173913042;7.593600000000001;5.387271376811594;J35;
J55;-9.986078280632412;9.998307213438737;7.039367628458497;H54;
H56;-3.16832022397892;11.84245138339921;1.8990770750988137;J55;
J57;0.12359163879598672;18.91461682882335;2.205279188203101;H56;
H58;14.362724782608698;20.29359543478261;8.103012391304349;J57;
H59;25.28622889328063;25.524638517786563;3.7955647826086953;H58;
J60;31.258944137022397;31.802627503293806;-2.0083371870882747;H59;
H61;-28.973567233201578;-6.450314980237154;10.993532826086957;J34;
H62;-33.59879318181818;-4.439515909090909;19.682613636363637;H61;
J63;-34.15276590250328;-5.885757496706192;29.816361515151513;H62;
H64;-39.984215579710146;-10.187009420289856;-1.5761326086956515;J33;
J65;-42.28672911725955;-6.372095256916996;-9.515292599912165;H64;
