505;
J0;-26.499484522385703;-1.866666666666666;-5.279730632859554;H1;
H1;-16.799999999999994;0.0;0.0;H2;
H2;-8.399999999999999;0.0;0.0;J3;
J3;0.0;0.0;0.0;H2;
J4;0.0;0.0;0.0;H2;
J5;2.8;-1.616580753730952;-4.572380853195266;J3;
J6;2.8;-1.616580753730952;-4.572380853195266;J3;
J7;2.8;-1.616580753730952;-4.572380853195266;J3;
J8;5.6;2.1554410049746027;-7.620634755325444;J5;
J9;5.6;2.1554410049746027;-7.620634755325444;J5;
J10;5.6;2.1554410049746027;-7.620634755325444;J5;
J11;10.266666666666666;0.65860697374224;-10.330193779441156;J8;
J12;10.266666666666666;0.65860697374224;-10.330193779441156;J8;
J13;10.266666666666666;0.65860697374224;-10.330193779441156;J8;
J14;15.244444444444444;1.1412225522971604;-7.81050915663658;J13;
J15;15.244444444444444;1.1412225522971604;-7.81050915663658;J14;
H16;-1.3322676295501878E-15;2.1554410049746036;-7.620634755325444;J7;
J17;-4.310882009949202;5.681366930900534;-8.207271492309843;H16;
J18;-7.005183266167453;7.5870491818677355;-3.6829907871491496;J17;
H19;-11.046635150494827;10.445572558318537;3.103430270591889;J18;
J20;-18.222205279847202;11.910529391062406;7.217442277981143;H19;
H21;-19.68716211259107;18.557796487978422;2.2952738919489573;J20;
J22;-22.995354662441784;22.81720918537496;-7.5206960309047926;H21;
H23;-23.117656388978173;33.70790830582383;-10.131771471320217;J22;
H24;-23.209382683880456;41.87593264616047;-12.090078051631783;H23;
J25;-19.204807815292533;48.764720464196955;-14.74864580889248;H24;
H26;-8.621764019898404;9.207292856826465;-8.793908229294242;J17;
H27;-15.088087034822216;14.496181745715345;-9.67386333477084;H26;
J28;-22.32769005238139;14.370034525272944;-13.932059552293317;H27;
H29;8.4;-5.7478426799322735;-7.112592438303747;J10;
H30;11.902591633083734;-11.952780951537209;-2.663930516172085;H29;
J31;11.812781591209795;-11.670592335886075;5.730847845498667;H30;
H32;8.244444444444444;5.803180180480863;-16.655064039332476;J13;
H33;5.548148148148164;12.662611122799031;-25.08822438585424;H32;
J34;10.140441451552594;11.184642129947154;-35.1959664616927;H33;
H35;7.0416552550296245;3.4028144601087327;-42.63106445870497;J34;
J36;2.110749203526135;-3.048493439308947;-44.78206234298038;H35;
J37;2.110749203526135;-3.048493439308947;-44.78206234298038;H35;
J38;-1.1765214974761928;-7.349365372254066;-46.21606093249732;J36;
J39;-1.1765214974761928;-7.349365372254066;-46.21606093249732;J36;
H40;4.907546122546173;-8.42820457655795;-40.52569827566671;J39;
J41;13.019636282575998;-9.86665684896313;-32.938548066559235;H40;
H42;11.296044561214362;-6.922227853154381;-22.27085996338082;J41;
J43;9.572452839852733;-3.977798857345632;-11.603171860202401;H42;
H44;-3.1449034317365054;-8.538602005725846;-38.13700227504927;J38;
J45;-0.6040635519251452;-12.668562611162365;-28.04108438202426;H44;
H46;-6.322348713108228;-17.902571640999042;-19.957374572105213;J45;
J47;-7.832711991719934;-24.80634884023766;-15.41681699071785;H46;
H48;-4.817293654939801;-20.969384823858476;-8.579788440885586;J47;
H49;-6.068364942148924;-17.54474467274352;-1.0123145909345865;H48;
J50;-3.982026355874198;-10.270647495755362;2.6338754155179105;H49;
H51;0.9575876350072561;4.481653664412626;-48.32142711553558;J37;
H52;-0.4545276152221154;9.173340931713541;-55.144476368319566;H51;
J53;-5.223705600431382;16.065806477386452;-54.58872458280097;H52;
H54;-10.764663052535399;20.756841891310646;-50.36356455514734;J53;
J55;-18.336871741101692;21.66855602189412;-46.84355987888687;H54;
H56;19.444444444444443;3.566093682893588;-0.9519378768436813;J15;
H57;29.143928966830156;5.4327603495602546;4.327792756015874;H56;
J58;30.54392896683016;11.590964813490015;9.866431377593884;H57;
H59;38.068628271555156;13.766918006334226;12.90026197207706;J58;
J60;45.59332757628015;15.942871199178441;15.934092566560238;H59;
H61;48.56500235325895;14.603798201701284;20.48777596874089;J60;
J62;51.808084700646624;16.139531510695488;24.787071270497698;H61;
J63;51.808084700646624;16.139531510695488;24.787071270497698;H61;
J64;57.38331380829917;15.977434364128884;24.286526654845144;J63;
J65;57.38331380829917;15.977434364128884;24.286526654845144;J64;
J66;57.38331380829917;15.977434364128884;24.286526654845144;J65;
H67;61.58331380829917;23.252047755918166;24.286526654845144;J66;
J68;66.43305606949203;28.852047755918164;20.32672868020048;H67;
H69;72.49972273615869;31.040993920097524;25.708556459485138;J68;
J70;80.96420344511239;28.189377008998058;32.46583751920748;H69;
H71;57.38331380829917;20.82717662532174;17.427955375052246;J65;
H72;59.8081849388956;27.82717662532174;13.46815740040758;H71;
J73;61.42476569262656;32.493843291988405;10.828292083977804;H72;
H74;69.82476569262656;32.4938432919884;10.828292083977809;J73;
J75;78.22476569262656;32.4938432919884;10.828292083977809;H74;
H76;85.49937908441585;31.0938432919884;6.868494109333143;J75;
J77;95.19886360680157;29.22717662532174;1.5887634764736003;H76;
H78;0.0;0.0;0.0;J77;
J79;-8.029056300745287;-2.4650152086455073;-0.13399604698918885;H78;
H80;-12.777480866433457;-6.952037570116432;-5.414061810938438;J79;
H81;-14.646225987538026;-9.394718859350082;-13.230781058268207;H80;
J82;-20.356557074763938;-11.379758516703411;-19.06273925710639;H81;
H83;65.746157469778;15.734288644279003;23.535709731366385;J64;
J84;73.38305530715223;16.91799657563698;26.82761297337532;H83;
H85;70.61307800190338;9.534556875635783;29.721061422000677;J84;
H86;72.33687684956834;0.15360057906017666;35.5918515301997;H85;
J87;74.06067569723331;-9.227355717515426;41.462641638398715;H86;
H88;71.6624572808366;-16.966968852028415;43.67780234483285;J87;
J89;65.71573264115689;-22.879351264456858;44.16790464949269;H88;
H90;48.30986456024933;18.6862771940367;31.986831146611735;J63;
J91;44.81164441985203;21.23302287737791;39.18659102272577;H90;
H92;39.896050910251134;18.585669996871285;39.620714478027175;J91;
J93;35.87559977693279;16.31122215490202;42.786604510665796;H92;
H94;32.53557907677808;23.92063516759269;44.01179646494558;J93;
J95;31.488832829477616;31.88636780844181;41.55997555218028;H94;
J96;31.488832829477616;31.88636780844181;41.55997555218028;H94;
J97;36.43676612973126;29.3634679187523;40.843782699070395;J95;
J98;36.43676612973126;29.3634679187523;40.843782699070395;J95;
J99;36.43676612973126;29.3634679187523;40.843782699070395;J95;
J100;41.38469942998491;26.840568029062798;40.12758984596051;J99;
J101;41.38469942998491;26.840568029062798;40.12758984596051;J100;
H102;34.6954173761527;33.209416305748306;48.10576490250309;J99;
H103;32.37361903804795;38.33734748840965;57.78840784041335;H102;
J104;39.01619058511629;38.44220394710409;66.80535013617792;H103;
H105;46.984699429984914;26.840568029062798;40.12758984596051;J101;
J106;51.83444169117777;27.77390136239613;42.767455162390284;H105;
J107;51.83444169117777;27.77390136239613;42.767455162390284;H105;
J108;51.834441691177766;25.907234695729464;37.48772452953073;J106;
J109;51.834441691177766;25.907234695729464;37.48772452953073;J106;
H110;54.25931282177419;30.973557710653267;31.24173612828843;J109;
J111;60.43686149839005;32.80442480684003;22.08063259082406;H110;
H112;49.40957056058133;18.04091168080566;35.8141169814837;J108;
J113;49.40957056058132;9.863802969137481;37.73632745839832;H112;
H114;42.327986686769634;5.394311553294408;37.07692142121391;J113;
J115;37.130538918996834;-4.267800483158677;34.82522701559356;H114;
H116;54.25931282177421;35.64022437731994;44.441062710437315;J107;
H117;51.81509747849169;46.51255420319031;45.56278260111938;H116;
J118;47.675617957607585;52.17722576737641;40.94366955140059;H117;
J119;42.98095818129578;49.16849596865681;41.461080976648184;J118;
H120;43.23926473195429;43.8545253936964;43.20893521952479;J119;
J121;43.482241728129225;35.635446574450135;41.49204688816854;H120;
H122;43.536138436723476;57.841897331562514;36.3245565016818;J118;
J123;40.323969590157475;59.08583684589515;31.90928915011262;H122;
H124;39.42027573849985;66.74152890562522;28.572566729973015;J123;
H125;42.46549993558558;73.08078612423873;23.97904656502978;H124;
J126;46.21160475281097;80.58491884001295;23.51569909022521;H125;
H127;43.12604818356348;22.994619642066795;32.86560764252781;J100;
H128;42.711126247512894;16.19318861641756;27.953543332044894;H127;
J129;45.8009344702918;8.765109771391483;25.53761083743254;H128;
H130;38.178114883309824;25.517519531756292;33.5818004956377;J98;
J131;42.75281681790371;25.704256886535735;23.360390056273033;H130;
H132;24.066932879097145;35.67071764297608;42.634264831845115;J96;
J133;16.502229182227474;35.948334305547576;46.27544416926163;H132;
H134;11.713741453067222;35.37461583774866;53.15303330989719;J133;
J135;7.279930200004923;30.723331021825445;58.56291938387142;H134;
H136;9.167030452118752;24.97386462495301;64.38893764591855;J135;
H137;11.054130704232591;19.224398228080577;70.21495590796567;H136;
J138;11.056098429279864;13.682949259048142;69.40728056993218;H137;
J139;8.516205527312405;12.962241873756604;74.34585576034101;J138;
H140;12.347705035093004;8.645815701199595;80.44897599664161;J139;
J141;13.508246835188075;7.06909771035398;88.61764192857785;H140;
H142;11.378685233962758;12.220487383177911;94.90160181270423;J141;
H143;13.355282831695082;18.4206884730809;100.21296400910964;H142;
J144;11.966966019439079;26.13785507072272;103.2259220461637;H143;
H145;11.058066154327136;8.141500290015706;68.59960523189869;J138;
H146;8.452841086379376;-0.7427856614018431;62.29704499983574;H145;
J147;13.246394682208564;-2.7646695597012685;55.70205982731939;H146;
H148;18.408675819748606;-0.47059707278981255;49.485301437145765;J147;
J149;27.767248088942058;4.619757651672707;46.029087632789114;H148;
H150;34.934717311905715;0.5288525807889526;38.45730576595708;J149;
J151;36.89073802555322;-3.933793145104188;28.372724659488174;H150;
H152;44.46477745739972;53.63841228910868;96.15595650083736;J151;
J153;39.20621035781299;54.211310816951276;106.02810213063538;H152;
H154;40.9536429946128;59.715828166242886;115.62428720238105;J153;
J155;40.024439779781446;66.61353831367097;120.32728370542192;H154;
H156;33.586245956751334;71.82165027475949;118.91830176875148;J155;
J157;25.880302475745733;78.98067714724887;122.76625827922847;H156;
H158;14.806060606060605;-1.495276799911585;-15.773968880653943;J14;
J159;-10.666323014923796;28.751646590790877;17.472746241380275;H158;
H160;11.614814814814814;-2.7711084974168427;-6.113613606180277;J12;
J161;6.84145188432738;24.47127717992936;12.224604575558606;H160;
H162;7.774785217660721;30.28410971432394;18.216254333010454;J161;
J163;10.842509605609967;34.28180220900316;20.65910549457696;H162;
J164;10.842509605609967;34.28180220900316;20.65910549457696;H162;
J165;15.524985839689165;36.11625862994076;18.195533706103095;J163;
J166;15.524985839689165;36.11625862994076;18.195533706103095;J163;
H167;22.54870019080796;38.86794326134716;14.5001760233923;J166;
J168;30.00725756350537;37.296430708768234;10.970265229155713;H167;
H169;37.025148611843285;41.72040099326335;12.288480748546522;J168;
H170;46.94036603160189;45.4819268114975;8.685789110663332;H169;
J171;52.57693554221324;46.3819622250982;2.5230770123813473;H170;
H172;57.90836563539984;42.990271232031226;-3.0115670926187823;J171;
J173;60.829674038066784;36.27185793628635;-7.121175346949839;H172;
H174;66.23157290446727;34.88088033647255;-7.615816584613432;J173;
J175;71.3747602670177;34.55080074155287;-5.4252296279465355;H174;
J176;71.3747602670177;34.55080074155287;-5.4252296279465355;H174;
J177;70.49648757459543;33.047233260265735;-10.747627762900477;J175;
J178;70.49648757459543;33.047233260265735;-10.747627762900477;J175;
H179;71.79097450792699;38.5722047644229;-16.941091531881863;J178;
H180;73.08546144125856;44.097176268580064;-23.13455530086325;H179;
J181;73.0745846835052;49.66691740181558;-22.553293393557126;H180;
H182;73.45171604113392;50.72038233239139;-17.066219165961876;J181;
J183;76.54053046263778;51.18621367592856;-12.418399609558234;H182;
J184;76.54053046263778;51.18621367592856;-12.418399609558234;H182;
J185;73.01454953765334;47.76401459073834;-9.73213604505659;J183;
J186;73.01454953765334;47.76401459073834;-9.73213604505659;J183;
H187;74.81563086078891;45.136648168753446;-1.959552706675554;J186;
J188;77.68909625189846;46.72293295589891;5.772646024614692;H187;
J189;77.68909625189846;46.72293295589891;5.772646024614692;H187;
J190;83.16107458332638;46.27029895070626;6.873816128516238;J188;
J191;83.16107458332638;46.27029895070626;6.873816128516238;J188;
H192;84.90171956772306;51.04888183212779;0.18836171735765372;J191;
H193;84.01987090246979;58.261348606596755;-4.026216073924913;H192;
J194;82.21981803008745;58.13884386205922;-12.23016647871125;H193;
H195;87.85304715256763;53.18139924324621;7.75817247973556;J190;
J196;88.66347020930455;64.32945741098891;8.46811160229086;H195;
H197;77.62612647964845;38.84847879969712;2.8487776025308573;J189;
J198;81.50882013531032;32.510229512872534;-1.064186229956059;H197;
H199;81.19917457436384;29.436854678501895;3.6068400763328903;J198;
J200;79.24129987395844;28.690188479091816;8.800029485951121;H199;
H201;80.47120389409766;21.84381005736505;13.509003748756081;J200;
J202;81.70110791423687;14.997431635638288;18.21797801156104;H201;
H203;86.06383434570793;14.754834910004304;21.720514936827556;J202;
J204;89.31516379502784;15.898523619613233;29.380856505419526;H203;
H205;100.26244635014086;14.289635145997797;31.115354282294906;J204;
H206;106.76958176888566;9.088460543544727;32.19469268933605;H205;
J207;108.79275328706696;3.890466321986864;32.69232014102157;H206;
H208;113.14386832880403;0.4166991661590087;33.292936191973475;J207;
J209;118.35239046376398;-5.340953821741711;30.08657856367464;H208;
H210;67.72557815017669;42.630715962953005;-5.702740698304121;J185;
H211;65.04059912677518;36.656553222185856;3.382426729471957;H210;
J212;63.79043960193145;25.530211534420793;3.6681220384004245;H211;
H213;64.42748191573021;15.838127110423839;9.244651120952183;J212;
J214;69.82521895476404;9.076631555872016;16.357077761924888;H213;
H215;81.82950185011444;56.31951230371389;-16.447794956310698;J184;
J216;88.88146370008333;63.16391047409432;-21.82032208531398;H215;
H217;69.17907853596203;30.791882038335032;-18.731224965331386;J177;
H218;66.91049323036493;24.997782982947193;-24.374090978943848;H217;
J219;67.53209124529477;22.627444797450323;-29.40947704102595;H218;
H220;72.49271092986628;19.365999281401592;-35.35213852313035;J219;
J221;79.10687050929496;15.017405260003287;-43.27568716593621;H220;
H222;80.37493840860503;10.47346197651357;-53.43366842399965;J221;
J223;87.01895959087442;6.383795747411132;-61.46931479900239;H222;
H224;75.66093676063751;41.56468018121959;-3.694857913151877;J176;
J225;83.25643367289447;49.2599894775127;-6.615584105433509;H224;
H226;21.419871809249724;30.64263441273541;15.776906547010313;J165;
J227;29.2618049199043;29.054389917992435;13.219258308307808;H226;
J228;24.94996205941557;28.133252569531923;9.766792938210159;J227;
H229;29.380436720994282;35.243057793014586;9.149084303619677;J228;
J230;35.68801072382086;42.24645020966041;3.0987120128152403;H229;
H231;20.519487397836855;21.02344734604926;10.384501572800641;J228;
J232;16.089012736258148;13.913642122566594;11.002210207391123;H231;
J233;16.089012736258148;13.913642122566594;11.002210207391123;H231;
J234;13.580143187945847;11.775618468323191;6.475132955626258;J232;
J235;13.580143187945847;11.775618468323191;6.475132955626258;J232;
H236;16.639245777607;9.339668885621762;2.4666368565305934;J235;
J237;18.786174423724923;2.489232404704392;-1.8948098540683924;H236;
H238;9.816838865477393;8.568582986958088;-0.31548292202103667;J234;
J239;6.05353454300894;5.361547505592984;-7.106098799668331;H238;
J240;6.05353454300894;5.361547505592984;-7.106098799668331;H238;
J241;17.526536826580102;-20.300280908368446;-4.290411196557299;J239;
J242;17.526536826580102;-20.300280908368446;-4.290411196557299;J239;
H243;9.199316486179235;-19.795456207231155;-3.30931312626274;J242;
H244;-0.7526791248425013;-15.946959794313706;-6.713260646123414;H243;
J245;-5.537438443959313;-18.228154431748486;-16.579477209946837;H244;
H246;-10.821758884026192;-25.398142079755758;-23.369708031805146;J245;
J247;-19.79405807483463;-28.146179989133902;-29.484128272452566;H246;
H248;-22.74612798039396;-35.26093020138985;-32.834592820824156;J247;
J249;-22.607029110438493;-40.842797665689524;-33.262853390302354;H248;
H250;-24.540202851062258;-45.100089850694445;-30.18092176548348;J249;
J251;-24.085734327868966;-48.45843320340823;-25.722784454149334;H250;
H252;-21.182569112283588;-55.503928757730066;-22.188293808377818;J251;
J253;-15.145606507042404;-59.60130809522551;-18.025774731234154;H252;
H254;-8.638109774611653;-64.91283261698086;-18.0118631463255;J253;
J255;-3.881148392224307;-70.59966934050311;-21.960433328869318;H254;
J256;-3.881148392224307;-70.59966934050311;-21.960433328869318;H254;
J257;-8.710563793141228;-68.91858595887975;-24.243130319145553;J255;
J258;-8.710563793141228;-68.91858595887975;-24.243130319145553;J255;
H259;-14.400416318427911;-74.59367299608688;-26.68832261436739;J258;
J260;-17.18710073453691;-83.46917391991948;-32.92529891030294;H259;
H261;-14.516416715377446;-65.14725132988285;-19.486124226918;J257;
J262;-18.706215124436433;-62.737346952369954;-9.382760916480681;H261;
H263;-29.746155398347796;-61.37427943713344;-8.07824349713476;J262;
J264;-36.40565663023673;-60.33598855737266;-3.064961598869375;H263;
H265;-38.64409593380511;-54.69872544528832;2.746290769542571;J264;
H266;-46.13414898935285;-50.81063155907039;10.109838226918988;H265;
J267;-53.92489121371053;-48.2928546062888;8.232303990306447;H266;
H268;-57.452509188285106;-45.77637190028172;11.779588334114493;J267;
J269;-62.743936150146965;-42.001647841271094;17.10051484982656;H268;
H270;-11.184574153162512;-72.90215412582042;-18.508110057817415;J256;
J271;-21.27610158864595;-70.21231214603378;-14.462640475350819;H270;
H272;22.63188430885009;-18.396161160209488;2.102534530566511;J241;
J273;32.968387539637334;-17.437952716867123;6.307119829859681;H272;
H274;25.45449850886967;-17.150617146687622;-13.018930071630152;J240;
J275;33.46821513502857;-9.343393574672765;-12.50162365160432;H274;
H276;36.50468552600447;1.431682614196438;-12.1587232450858;J275;
J277;39.54115591698037;12.20675880306564;-11.815822838567282;H276;
H278;47.55835450783937;20.01588375585376;-11.389097837576713;J277;
J279;52.99877123464187;28.03481970718201;-5.773180098932133;H278;
H280;12.146978127552215;21.22220310441077;9.735206056478606;J233;
H281;1.40923679744101;-45.25530420648411;-27.179325701010754;H280;
J282;-5.975939203237742;-45.64190412993367;-31.163006905397896;H281;
H283;-7.394722363615465;-42.59976309256538;-35.64546518770108;J282;
J284;-11.64681714109879;-41.80065975363873;-42.84554323290415;H283;
H285;7.950148011206017;42.159519253588954;21.02764120880207;J164;
H286;22.935735629053852;-27.065957771916956;-23.99216770369818;H285;
J287;24.637142466765404;-34.57603106436745;-27.348358090820188;H286;
H288;9.8;8.352333894276587;-3.8103173776627246;J9;
H289;19.874613391789282;6.624871130596428;0.0;H288;
J290;22.674613391789283;11.474613391789283;0.0;H289;
J291;22.674613391789283;11.474613391789283;0.0;H289;
J292;19.874613391789282;9.858032638058331;4.572380853195266;J291;
J293;19.874613391789282;9.858032638058331;4.572380853195266;J292;
J294;19.874613391789282;9.858032638058331;4.572380853195266;J293;
H295;15.674613391789283;12.282903768654759;11.430952132988164;J294;
J296;8.400000000000004;13.682903768654763;15.39075010763284;H295;
H297;5.975128869403589;8.616580753730958;21.636738508875148;J296;
J298;0.375128869403591;7.0072867777010925;31.201788059123906;H297;
H299;-5.2248711305963935;5.397992801671226;40.76683760937267;J298;
H300;-5.833821454883383;0.9189436485949649;51.01414448419972;H299;
J301;-14.009263900889554;-3.545237444470297;57.232924748878574;H300;
H302;24.07461339178928;12.282903768654759;11.430952132988164;J293;
H303;31.349226783578565;13.682903768654759;15.390750107632831;H302;
J304;36.01589345024523;10.655154628522219;14.746578262044334;H303;
J305;36.01589345024523;10.655154628522219;14.746578262044334;H303;
J306;36.94922678357857;7.937574187470344;9.939953101362342;J304;
J307;36.94922678357857;7.937574187470344;9.939953101362342;J304;
J308;36.94922678357857;7.937574187470344;9.939953101362342;J304;
J309;42.124984359336146;6.236589207969139;8.644505836322454;J308;
J310;42.124984359336146;6.236589207969139;8.644505836322454;J309;
J311;42.124984359336146;6.236589207969139;8.644505836322454;J310;
H312;33.41583096811017;14.257054309675155;5.680929152581514;J308;
H313;33.548803665818376;21.42489315556088;-2.9239766889181915;H312;
J314;32.90340777270871;32.57315940388423;-2.0639628531856338;H313;
H315;46.32498435933614;-1.038024183820144;8.644505836322454;J311;
J316;53.59959775112542;-5.238024183820145;8.644505836322454;H315;
H317;52.199597751125424;-12.512637575609428;12.60430381096712;J316;
J318;50.332931084458764;-16.732740671132284;19.623298426915618;H317;
H319;49.7505943116556;-25.08920359634726;20.248127413558134;J318;
J320;50.54243187570788;-34.436929453882996;26.366379987987667;H319;
H321;44.87627039758972;-29.529909839360442;30.15791959698304;J320;
J322;39.868120199686906;-28.88090597402975;32.57809016494552;H321;
H323;37.46608254321265;-36.36464712851897;29.614336897636626;J322;
H324;39.12772748910372;-43.3145411189394;25.198693162493065;H323;
J325;40.59059713963125;-44.99844059842767;17.100267702655543;H324;
H326;37.75919513310872;-47.157035368916894;9.492138412595024;J325;
J327;35.40495283229581;-50.924383554320436;6.082647125174008;H326;
H328;39.5443417882633;-55.75806046982308;0.5998534442344043;J327;
J329;45.54599623802722;-56.675789062108734;-5.205137347879771;H328;
H330;53.551504021886906;-55.028699645112354;-3.2663383446356082;J329;
J331;64.22551440036649;-52.83258042245053;-0.6812730069767499;H330;
H332;71.46441462617075;-61.2430578036736;0.83602516437458;J331;
J333;76.89358979552395;-67.5509158395909;1.9739987928880767;H332;
J334;79.29782831241249;-68.30812798005473;6.974625446442985;J333;
H335;74.7776571141584;-71.1136749803938;8.723041405922505;J334;
J336;69.46030052684608;-72.69874723644136;7.965898839113191;H335;
H337;65.71185790730598;-72.27612087458665;15.471267909737282;J336;
J338;66.19486604587019;-73.21763721504492;26.62116701774408;H337;
H339;82.32276496487715;-73.85877387550819;3.1119724214015734;J333;
J340;90.17849760109137;-76.56013086970229;4.357016652839795;H339;
H341;97.55499041633308;-75.34371272681064;0.527175840438936;J340;
J342;105.26168521284896;-68.40164053307934;-3.698281409419134;H341;
H343;37.92498435933615;8.661460338565567;15.503077116115353;J310;
J344;34.691822851874264;6.7947936718988995;26.062538381834468;H343;
H345;43.797158235598644;-1.9649640755464688;7.938560891443894;J309;
H346;40.26031612177227;-12.583070464691486;7.506629680876762;H345;
J347;33.67394289845994;-19.00277078528171;13.897806063754027;H346;
H348;39.779467331746524;15.78194750200116;10.947695996044665;J307;
H349;40.44807743651069;22.730324685950514;15.620277192490512;H348;
J350;44.387849536222724;29.922796892934528;17.4386664121278;H349;
H351;46.19585014548461;38.49682138702725;24.414140429827725;J350;
J352;44.15492180345875;46.146524777960956;27.220677358758632;H351;
H353;38.9589922810175;42.69603385338879;32.847081963590085;J352;
H354;32.38195457255483;43.34480862866943;38.03183521446131;H353;
J355;27.932696485920367;46.64534486656374;37.21295608976442;H354;
H356;25.992238179804232;47.494085377048854;32.02891701698667;J355;
J357;23.887381736480588;50.93069399778823;28.1405625397227;H356;
H358;22.214057767516195;56.19774148186476;29.04510534986069;J357;
J359;20.540733798551802;61.46478896594129;29.94964815999868;H358;
H360;24.265468738218793;65.36700089618594;31.452675664963323;J359;
J361;31.14239528202302;69.88913255197097;29.773924164928925;H360;
H362;35.63998911707095;69.6449654994997;19.519557673261758;J361;
J363;34.90527508178889;68.1432411227502;11.28760655687168;H362;
H364;38.52539658865578;62.84106874411663;5.870809685770174;J363;
J365;47.28848341454381;56.56374653467713;2.830491419399831;H364;
H366;53.79552820159816;55.621825213513034;8.058411882069981;J365;
J367;59.09069123008492;54.047472635249406;8.976378363517748;H366;
H368;54.18077733339689;48.10735009541427;12.31818771458078;J367;
J369;47.63422547114618;40.187186708967424;16.773933515998156;H368;
H370;43.44905495770713;14.499025025060785;14.016667049223804;J305;
J371;54.59471081659237;13.95967055599256;13.05570282928977;H370;
H372;15.207946725122616;12.552333894276583;6.09650780426036;J292;
J373;7.125042956467857;14.419000560943253;4.776575146045468;H372;
H374;-3.65216206840514;16.907889449832187;3.016664935092251;J373;
H375;-11.735065837059881;18.774556116498903;1.6967322768773256;H374;
J376;-13.351646590790798;20.89130869610129;-3.2293234661500936;H375;
J377;-17.5709908034769;18.520501400345925;-6.0464864329068;J376;
H378;-9.92958707575192;15.035930698808762;-6.209937024522668;J377;
J379;-2.654124195565763;13.275311444844812;-2.398394066401277;H378;
H380;-25.21239453120188;22.005072101883087;-5.883035841290932;J377;
H381;-33.15884335437484;28.190879537028078;-10.785049455714912;H380;
J382;-33.3564410984913;35.67874814019464;-14.586730519827531;H381;
H383;-27.9637332996609;34.45925978306366;-13.697039144542972;J382;
J384;-23.903255529252796;30.670794539844085;-12.975893266832431;H383;
J385;-21.127170957763656;32.815283192683765;-17.341041932087926;J384;
H386;-16.963044100529945;36.03201617194328;-23.888764929971163;J385;
J387;-15.907308516464141;36.76479536017202;-32.18987672525715;H386;
H388;-11.688242176877353;29.90383783836731;-29.80518783440429;J387;
J389;-6.062820390761632;20.75589447596102;-26.625602646600477;H388;
H390;-19.84277775884469;26.882329296624512;-12.25474738912189;J384;
J391;-13.392742851428583;18.682446560467454;-16.32893108728612;H390;
H392;-4.519613029769239;11.920616993336413;-15.336344530328958;J391;
H393;3.7793399353806088;10.874509266558253;-14.56625472634142;H392;
J394;8.834772284440632;17.569315091056886;-14.139430715376022;H393;
H395;22.674613391789283;16.32435565298214;6.858571279792899;J291;
H396;19.441451884327385;25.65768898631547;12.138301912652455;H395;
H397;11.974785217660727;33.873486123355875;13.61802022770016;H396;
J398;6.374785217660747;40.035333976136194;14.727808963985941;H397;
J399;6.374785217660747;40.035333976136194;14.727808963985941;H397;
J400;6.4515112396717;35.658914760651356;18.220811679112494;J398;
J401;6.4515112396717;35.658914760651356;18.220811679112494;J398;
H402;-1.6166161396566698;37.029220386033046;20.114903304134682;J401;
J403;-12.427910669245975;34.305211557554884;19.04921737627157;H402;
H404;11.830262825890614;34.74537767706356;16.958083929097704;J400;
J405;19.938733723082592;34.86535800929175;19.148587165632442;H404;
H406;0.8898742506771997;39.63255300568926;21.077101772961555;J399;
J407;-3.6588074990029558;43.455908114317076;27.014394931755067;H406;
H408;-3.994261673135472;47.004086122729255;31.333874451057973;J407;
J409;-8.371407189440443;50.35691019073519;37.6710006055614;H408;
H410;2.7999999999999994;-9.699484522385712;-6.8585712797928995;J6;
J411;5.224871130596431;1.3999999999999981;14.778167229082229;H410;
H412;-0.4331615074619002;3.6363011542285686;20.570025636731938;J411;
H413;-6.4513120845761796;8.86105049359097;23.224052383396565;H412;
J414;-11.307479097129022;14.66713305985323;19.58165658118904;H413;
H415;-4.199999999999999;-7.274613391789283;0.0;J4;
H416;-4.199999999999981;-6.15820446392976;-17.41803254551201;H415;
J417;-4.199999999999959;-8.958204463929759;-25.33762849480134;H416;
J418;-5.8165807537309195;-12.335753140545634;-21.17363622730648;J417;
H419;-8.241451884327335;-4.293641308796714;-21.24024918133255;J418;
J420;-5.680043996494715;6.608675222806346;-21.37693815997913;H419;
H421;-4.199999999999938;-11.758204463929758;-33.257224444090674;J417;
J422;-2.799999999999916;-10.44974226119285;-41.43572838209846;H421;
J423;-4.022107671641198;-6.1370179452735405;-38.079113746219946;J422;
H424;-5.244215343282477;-1.824293629354231;-34.72249911034143;J423;
J425;-3.5972365410447935;2.764494377755314;-27.882141996068277;H424;
H426;-1.3999999999998938;-9.14128005845594;-49.61423232010624;J422;
J427;1.8331615074620267;-7.128745289444602;-53.71988336107246;H426;
H428;0.47442822838577614;-2.6557394957156104;-60.698856283042964;J427;
H429;1.8421491120120153;4.234353809570343;-65.30493420563029;H428;
J430;6.135025014089516;7.769551371651795;-65.9634132762283;H429;
H431;11.34303386128762;5.781453553789756;-66.49643383316626;J430;
J432;16.435919762620742;4.885873011015747;-64.34691093554295;H431;
J433;16.435919762620742;4.885873011015747;-64.34691093554295;H431;
J434;12.392930549144673;7.075586972240992;-61.150132715564055;J432;
J435;12.392930549144673;7.075586972240992;-61.150132715564055;J432;
J436;12.392930549144673;7.075586972240992;-61.150132715564055;J432;
J437;7.129161483328813;5.227227362458962;-61.63624173079259;J434;
J438;7.129161483328813;5.227227362458962;-61.63624173079259;J434;
J439;7.129161483328813;5.227227362458962;-61.63624173079259;J434;
J440;6.458916913954169;5.678595934639786;-56.09484852788132;J439;
J441;6.458916913954169;5.678595934639786;-56.09484852788132;J440;
H442;11.047004007509361;1.949571436720528;-59.341142258396175;J436;
J443;9.879827787815486;-3.421130203496796;-60.41504335437665;H442;
J444;6.869015085987637;-4.782295407321253;-64.93635247479848;J443;
H445;10.737757539459116;-6.5992539327099085;-72.16763822117339;J444;
J446;14.996666047559085;-4.107328824919501;-78.96557964316266;H445;
J447;14.996666047559085;-4.107328824919501;-78.96557964316266;H445;
J448;19.63706162526548;-1.0260950531091746;-78.38875443059092;J446;
J449;19.63706162526548;-1.0260950531091746;-78.38875443059092;J446;
H450;17.675098624665786;3.2333119411872717;-85.35783996896798;J449;
J451;11.97580920778745;4.013175422224889;-94.96772618544331;H450;
H452;19.114718226465843;7.355088845136831;-78.18159787744257;J448;
H453;12.92411209048906;16.688249164487736;-78.08932587464487;H452;
J454;5.963865752756255;23.658477224851755;-72.75913903883966;H453;
H455;8.007456487374707;-0.6334229382045855;-82.07088600712656;J447;
J456;-1.3114895928711316;3.9984515774153007;-86.21129449241177;H455;
H457;-10.561761826809795;3.2379174511880455;-92.47979123731538;J456;
H458;-15.490979181506527;3.2438366661334133;-102.53676798149904;H457;
H459;-17.96071404936804;12.94627595719812;-107.55703505464095;H458;
J460;-15.92643916735398;19.09177199618925;-112.91003460061057;H459;
H461;-16.32551919018247;27.313087561097593;-111.23351871414394;J460;
J462;-16.724599213010958;35.534403126005934;-109.55700282767731;H461;
J463;-16.724599213010958;35.534403126005934;-109.55700282767731;H461;
J464;-14.096799961123217;33.74087813401444;-114.16546669266314;J462;
J465;-14.096799961123217;33.74087813401444;-114.16546669266314;J462;
H466;-18.18775423937116;39.48238118257079;-118.73265793419256;J465;
J467;-23.642359943701745;47.13771858064593;-124.82224625623178;H466;
H468;-17.063441392731555;32.16062247319606;-118.64451019130394;J464;
J469;-21.51340354014406;29.79023898196849;-125.36307543926512;H468;
H470;-13.346889947689288;34.155413457759416;-101.99066503361674;J463;
H471;-9.969180682367615;32.7764237895129;-94.42432723955616;H470;
J472;-10.380972882578742;33.3728923637479;-86.05565635202598;H471;
H473;8.712651568121611;-8.791831843714121;-61.488944450357124;J443;
J474;6.378299128733866;-19.533235124148767;-63.63674664231807;H473;
H475;4.627534799193058;-27.589287584474754;-65.24759828628878;J474;
J476;2.87677046965225;-35.64534004480074;-66.85844993025948;H475;
H477;6.098003327821216;0.3531295808390249;-64.1935613575772;J439;
J478;1.7316670956717592;-4.149456968359263;-69.78121044058139;H477;
H479;14.858916913954168;5.678595934639786;-56.09484852788132;J441;
J480;22.133530305743452;4.278595934639786;-60.05464650252598;H479;
H481;27.733530305743454;-1.0713181524244986;-63.30709469750636;J480;
J482;30.158401436339886;-6.177847358394022;-69.5202548812277;H481;
H483;30.299871392272745;-5.826390769856076;-75.10742451512478;J482;
J484;30.22005381443446;-1.1859707360657117;-82.10886230062748;H483;
H485;-1.0260077436958515;7.8026992536661;-52.928764517719216;J440;
H486;-11.00590728722921;10.634837012367854;-48.70731917083641;H485;
J487;-15.641518650734337;15.36057629062246;-43.53639125019163;H486;
H488;-15.533297629103293;12.859191767783813;-38.527263214357404;J487;
J489;-17.26875279029829;6.231891806016772;-33.666492637561554;H488;
H490;4.577057396005452;-1.406866451699707;-57.1601313666026;J438;
H491;1.3624940644023562;-4.612754345680258;-50.092680242021565;H490;
J492;-1.6878047550359199;-0.12525736417863254;-43.6803446337469;H491;
H493;6.516166762873851;11.992070860848642;-64.59278192415869;J435;
J494;0.8015530135986797;21.623192098824116;-64.74992324912736;H493;
H495;19.092190936854568;-2.9629860162628816;-62.96863831416458;J433;
J496;25.3170187667207;-8.34625413858711;-61.285800588270654;H495;
J497;23.362065756980876;-4.979417774447626;-57.26055877853832;J496;
H498;20.42963624237114;0.07083677176159675;-51.22269606393982;J497;
H499;21.57806265852405;6.450982486686943;-45.8808932387691;H498;
J500;22.726489074676962;12.83112820161229;-40.53909041359837;H499;
H501;24.257724296214178;21.337989154846085;-33.41668664670408;J500;
J502;30.359156390720244;30.029308280960162;-29.85670093828123;H501;
H503;31.541846596586836;-13.729522260911338;-59.60296286237673;J496;
J504;38.591106587082606;-21.761251755943135;-62.95546266178491;H503;
