584;
J0;1;2;3;4;5;6;7;25;556;557;558;559;560;561;562;563;564;565;883;912;913;914;915;916;917;918;919;1396;1397;1504;1505;1528;1529;1530;1531;1532;1533;
J1;1;2;3;4;5;6;7;25;556;557;558;559;560;561;562;563;564;565;883;912;913;914;915;916;917;918;919;1396;1397;1504;1505;1528;1529;1530;1531;1532;1533;
J2;1;2;3;4;5;6;7;25;556;557;558;559;560;561;562;563;564;565;883;912;913;914;915;916;917;918;919;1396;1397;1504;1505;1528;1529;1530;1531;1532;1533;
J3;1;2;3;4;5;6;7;25;556;557;558;559;560;561;562;563;564;565;883;912;913;914;915;916;917;918;919;1396;1397;1504;1505;1528;1529;1530;1531;1532;1533;
J4;1;2;3;4;5;6;7;25;556;557;558;559;560;561;562;563;564;565;883;912;913;914;915;916;917;918;919;1396;1397;1504;1505;1528;1529;1530;1531;1532;1533;
J5;1;2;3;4;5;6;7;25;556;557;558;559;560;561;562;563;564;565;883;912;913;914;915;916;917;918;919;1396;1397;1504;1505;1528;1529;1530;1531;1532;1533;
J6;1;2;3;4;5;6;7;25;556;557;558;559;560;561;562;563;564;565;883;912;913;914;915;916;917;918;919;1396;1397;1504;1505;1528;1529;1530;1531;1532;1533;
J7;1;2;3;4;5;6;7;25;556;557;558;559;560;561;562;563;564;565;883;912;913;914;915;916;917;918;919;1396;1397;1504;1505;1528;1529;1530;1531;1532;1533;
H8;1506;1527;
H9;1507;1526;
H10;1508;1525;
H11;1509;1524;
H12;1510;1523;
H13;1511;1522;
H14;1512;1521;
H15;1513;1520;
H16;1514;1519;
J17;1515;1516;1517;1518;1519;1514;
H18;1398;1503;
J19;1399;1501;1502;1503;1398;1400;1500;
H20;1400;1500;
J21;1401;1402;1497;1498;1499;1500;1400;1403;1496;
H22;1403;1496;
H23;1404;1495;
J24;1405;1494;1495;1404;1406;1493;
H25;1406;1493;
J26;1407;1491;1492;1493;1406;1408;1490;
H27;1408;1490;
H28;1409;1489;
H29;1410;1488;
H30;1411;1487;
J31;1412;1486;1487;1411;1413;1485;
H32;1413;1485;
H33;1414;1484;
H34;1415;1483;
J35;1416;1417;1481;1482;1483;1415;1418;1480;
H36;1418;1480;
H37;1419;1479;
H38;1420;1478;
H39;1421;1477;
H40;1422;1476;
H41;1423;1475;
H42;1424;1474;
H43;1425;1473;
H44;1426;1472;
H45;1427;1471;
H46;1428;1470;
H47;1429;1469;
J48;1430;1431;1432;1433;1466;1467;1468;1469;1429;1434;1465;
H49;1434;1465;
H50;1435;1464;
H51;1436;1463;
H52;1437;1462;
H53;1438;1461;
H54;1439;1460;
J55;1440;1460;1439;1441;1459;
H56;1441;1459;
H57;1442;1458;
H58;1443;1457;
H59;1444;1456;
J60;1445;1446;1455;1456;1444;1447;1454;
H61;1447;1454;
H62;1448;1453;
J63;1449;1450;1451;1452;1453;1448;
H64;920;1395;
H65;921;1394;
J66;1393;1394;921;922;1392;
H67;922;1392;
H68;923;1391;
J69;924;925;926;1390;1391;923;927;1389;
H70;927;1389;
J71;1388;1389;927;928;1387;
H72;928;1387;
H73;929;1386;
H74;930;1385;
H75;931;1384;
H76;932;1383;
J77;933;1380;1381;1382;1383;932;934;1379;
H78;934;1379;
H79;935;1378;
J80;1378;935;1343;938;
J81;936;937;1344;1345;1346;1347;1348;1372;1373;1374;1375;1376;1377;
H82;1349;1371;
H83;1350;1370;
H84;1351;1369;
H85;1352;1368;
H86;1353;1367;
H87;1354;1366;
H88;1355;1365;
J89;1356;1357;1358;1359;1360;1361;1362;1363;1364;1365;1355;
H90;938;1343;
H91;939;1342;
H92;940;1341;
J93;941;1340;1341;940;942;1339;
H94;942;1339;
J95;943;944;1235;1337;1338;
J96;1234;945;1336;1236;
H97;1236;1336;
J98;1336;1236;1333;1302;
J99;1237;1238;1239;1296;1297;1298;1299;1300;1301;1334;1335;
H100;1302;1333;
J101;1303;1304;1305;1306;1329;1330;1331;1332;1333;1302;1307;1328;
H102;1307;1328;
H103;1308;1327;
H104;1309;1326;
H105;1310;1325;
H106;1311;1324;
H107;1312;1323;
H108;1313;1322;
J109;1314;1315;1316;1317;1318;1319;1320;1321;1322;1313;
H110;1240;1295;
H111;1241;1294;
H112;1242;1293;
H113;1243;1292;
H114;1244;1291;
H115;1245;1290;
H116;1246;1289;
J117;1247;1248;1249;1250;1251;1284;1285;1286;1287;1288;1289;1246;1252;1283;
H118;1252;1283;
H119;1253;1282;
H120;1254;1281;
J121;1255;1256;1277;1278;1279;1280;1281;1254;1257;1276;
H122;1257;1276;
H123;1258;1275;
J124;1259;1260;1261;1272;1273;1274;1275;1258;1262;1271;
H125;1262;1271;
H126;1263;1270;
H127;1264;1269;
J128;1265;1266;1267;1268;1269;1264;
H129;945;1234;
H130;946;1233;
H131;947;1232;
H132;948;1231;
H133;949;1230;
H134;950;1229;
H135;951;1228;
H136;952;1227;
J137;1226;1227;952;953;1225;
H138;953;1225;
H139;954;1224;
J140;1224;954;1220;983;
J141;955;956;957;958;959;960;973;974;975;976;977;978;979;980;981;982;1221;1222;1223;
H142;983;1220;
H143;984;1219;
H144;985;1218;
H145;986;1217;
H146;987;1216;
H147;988;1215;
H148;989;1214;
J149;990;991;1045;1210;1211;1212;1213;
J150;1044;992;1209;1046;
H151;1046;1209;
H152;1047;1208;
J153;1048;1208;1047;1049;1207;
H154;1049;1207;
H155;1050;1206;
H156;1051;1205;
J157;1052;1053;1054;1204;1205;1051;1055;1203;
H158;1055;1203;
H159;1056;1202;
J160;1199;1200;1201;1202;1056;1057;1198;
H161;1057;1198;
H162;1058;1197;
H163;1059;1196;
J164;1195;1196;1059;1060;1194;
H165;1060;1194;
J166;1194;1060;1106;1067;
J167;1061;1062;1063;1064;1065;1066;1107;1108;1109;1110;1111;1112;1186;1187;1188;1189;1190;1191;1192;1193;
H168;1113;1185;
H169;1114;1184;
H170;1115;1183;
J171;1183;1115;1154;1117;
J172;1116;1155;1156;1181;1182;
H173;1157;1180;
J174;1158;1159;1160;1174;1175;1176;1177;1178;1179;1180;1157;1161;1173;
H175;1161;1173;
H176;1162;1172;
H177;1163;1171;
H178;1164;1170;
J179;1165;1166;1167;1168;1169;1170;1164;
H180;1117;1154;
H181;1118;1153;
H182;1119;1152;
H183;1120;1151;
H184;1121;1150;
H185;1122;1149;
H186;1123;1148;
J187;1124;1125;1126;1144;1145;1146;1147;1148;1123;1127;1143;
H188;1127;1143;
H189;1128;1142;
J190;1129;1130;1142;1128;1131;1141;
H191;1131;1141;
H192;1132;1140;
H193;1133;1139;
J194;1134;1135;1136;1137;1138;1139;1133;
H195;1067;1106;
H196;1068;1105;
H197;1069;1104;
H198;1070;1103;
H199;1071;1102;
H200;1072;1101;
J201;1101;1072;1082;1073;
J202;1083;1084;1085;1098;1099;1100;
H203;1086;1097;
H204;1087;1096;
H205;1088;1095;
J206;1089;1090;1091;1092;1093;1094;1095;1088;
H207;1073;1082;
H208;1074;1081;
H209;1075;1080;
J210;1076;1077;1078;1079;1080;1075;
H211;992;1044;
J212;993;994;995;996;1043;1044;992;997;1042;
H213;997;1042;
J214;1041;1042;997;998;1040;
H215;998;1040;
H216;999;1039;
H217;1000;1038;
H218;1001;1037;
H219;1002;1036;
J220;1036;1002;1022;1005;
J221;1003;1004;1023;1024;1025;1034;1035;
H222;1026;1033;
H223;1027;1032;
J224;1028;1029;1030;1031;1032;1027;
H225;1005;1022;
H226;1006;1021;
H227;1007;1020;
H228;1008;1019;
H229;1009;1018;
H230;1010;1017;
H231;1011;1016;
J232;1012;1013;1014;1015;1016;1011;
H233;961;972;
H234;962;971;
J235;963;964;965;966;967;968;969;970;971;962;
H236;884;911;
H237;885;910;
H238;886;909;
J239;887;888;889;890;891;892;905;906;907;908;909;886;893;904;
H240;893;904;
H241;894;903;
H242;895;902;
H243;896;901;
J244;897;898;899;900;901;896;
H245;566;882;
H246;567;881;
H247;568;880;
J248;569;570;571;572;573;880;568;574;879;
H249;574;879;
J250;575;764;765;766;767;810;811;812;813;814;815;816;817;818;819;
J251;575;764;765;766;767;810;811;812;813;814;815;816;817;818;819;
J252;575;764;765;766;767;810;811;812;813;814;815;816;817;818;819;
J253;575;764;765;766;767;810;811;812;813;814;815;816;817;818;819;
H254;820;878;
H255;821;877;
H256;822;876;
H257;823;875;
H258;824;874;
H259;825;873;
J260;873;825;856;828;
J261;826;827;857;858;859;868;869;870;871;872;
H262;860;867;
H263;861;866;
J264;862;863;864;865;866;861;
H265;828;856;
H266;829;855;
H267;830;854;
H268;831;853;
H269;832;852;
H270;833;851;
H271;834;850;
H272;835;849;
H273;836;848;
H274;837;847;
H275;838;846;
H276;839;845;
J277;840;841;842;843;844;845;839;
H278;768;809;
H279;769;808;
H280;770;807;
H281;771;806;
H282;772;805;
J283;773;774;775;776;777;803;804;805;772;778;802;
H284;778;802;
J285;779;780;781;799;800;801;802;778;782;798;
H286;782;798;
H287;783;797;
H288;784;796;
H289;785;795;
J290;786;787;788;789;790;791;792;793;794;795;785;
H291;576;763;
H292;577;762;
H293;578;761;
H294;579;760;
J295;580;581;582;757;758;759;760;579;583;756;
H296;583;756;
H297;584;755;
H298;585;754;
J299;754;585;753;653;
J300;586;651;652;
H301;653;753;
J302;751;752;753;653;654;750;
H303;654;750;
H304;655;749;
H305;656;748;
H306;657;747;
J307;746;747;657;658;745;
H308;658;745;
H309;659;744;
J310;660;743;744;659;661;742;
H311;661;742;
J312;662;663;664;740;741;742;661;665;739;
H313;665;739;
H314;666;738;
H315;667;737;
H316;668;736;
H317;669;735;
H318;670;734;
H319;671;733;
J320;733;671;716;672;
J321;717;718;719;720;721;722;723;732;
H322;724;731;
H323;725;730;
J324;726;727;728;729;730;725;
H325;672;716;
J326;673;674;675;713;714;715;716;672;676;712;
H327;676;712;
H328;677;711;
H329;678;710;
H330;679;709;
H331;680;708;
H332;681;707;
H333;682;706;
H334;683;705;
J335;684;685;686;699;700;701;702;703;704;705;683;687;698;
H336;687;698;
H337;688;697;
J338;689;690;691;692;693;694;695;696;697;688;
H339;587;650;
H340;588;649;
H341;589;648;
H342;590;647;
H343;591;646;
H344;592;645;
H345;593;644;
J346;594;644;593;595;643;
H347;595;643;
H348;596;642;
J349;640;641;642;596;597;639;
H350;597;639;
H351;598;638;
J352;599;637;638;598;600;636;
H353;600;636;
H354;601;635;
H355;602;634;
H356;603;633;
J357;604;605;606;607;608;629;630;631;632;633;603;609;628;
H358;609;628;
J359;610;628;609;611;627;
H360;611;627;
H361;612;626;
H362;613;625;
H363;614;624;
H364;615;623;
H365;616;622;
J366;617;618;619;620;621;622;616;
H367;26;555;
H368;27;554;
H369;28;553;
H370;29;552;
J371;30;552;29;31;551;
H372;31;551;
H373;32;550;
H374;33;549;
H375;34;548;
H376;35;547;
J377;36;37;403;404;436;437;498;545;546;
J378;36;37;403;404;436;437;498;545;546;
J379;36;37;403;404;436;437;498;545;546;
J380;36;37;403;404;436;437;498;545;546;
J381;36;37;403;404;436;437;498;545;546;
H382;499;544;
H383;500;543;
H384;501;542;
H385;502;541;
H386;503;540;
J387;504;505;506;507;508;509;540;503;510;539;
H388;510;539;
H389;511;538;
H390;512;537;
H391;513;536;
H392;514;535;
J393;515;516;517;518;519;528;529;530;531;532;533;534;535;514;520;527;
H394;520;527;
H395;521;526;
J396;522;523;524;525;526;521;
H397;438;497;
H398;439;496;
J399;440;492;493;494;495;496;439;441;491;
H400;441;491;
H401;442;490;
H402;443;489;
H403;444;488;
H404;445;487;
J405;446;447;448;483;484;485;486;487;445;449;482;
H406;449;482;
J407;450;451;452;453;477;478;479;480;481;482;449;454;476;
H408;454;476;
H409;455;475;
H410;456;474;
H411;457;473;
J412;472;473;457;458;471;
H413;458;471;
H414;459;470;
J415;460;470;459;461;469;
H416;461;469;
J417;462;463;464;465;466;467;468;469;461;
H418;405;435;
H419;406;434;
H420;407;433;
H421;408;432;
J422;409;410;411;412;413;414;427;428;429;430;431;432;408;415;426;
H423;415;426;
H424;416;425;
H425;417;424;
H426;418;423;
J427;419;420;421;422;423;418;
H428;38;402;
H429;39;401;
H430;40;400;
H431;41;399;
H432;42;398;
H433;43;397;
J434;396;397;43;44;395;
H435;44;395;
H436;45;394;
J437;394;45;360;46;
J438;361;362;363;364;365;393;
H439;366;392;
J440;367;392;366;368;391;
H441;368;391;
H442;369;390;
H443;370;389;
J444;371;372;373;389;370;374;388;
H445;374;388;
J446;387;388;374;375;386;
H447;375;386;
H448;376;385;
H449;377;384;
H450;378;383;
J451;379;380;381;382;383;378;
H452;46;360;
J453;47;48;49;50;359;360;46;51;358;
H454;51;358;
H455;52;357;
H456;53;356;
J457;54;356;53;55;355;
H458;55;355;
H459;56;354;
H460;57;353;
J461;58;59;106;107;108;109;110;111;314;337;350;351;352;
J462;58;59;106;107;108;109;110;111;314;337;350;351;352;
J463;58;59;106;107;108;109;110;111;314;337;350;351;352;
J464;58;59;106;107;108;109;110;111;314;337;350;351;352;
J465;58;59;106;107;108;109;110;111;314;337;350;351;352;
H466;338;349;
H467;339;348;
H468;340;347;
H469;341;346;
J470;342;343;344;345;346;341;
H471;315;336;
H472;316;335;
H473;317;334;
H474;318;333;
H475;319;332;
J476;320;321;322;323;324;325;326;327;328;329;330;331;332;319;
H477;112;313;
H478;113;312;
H479;114;311;
J480;115;116;117;118;119;120;286;287;
J481;115;116;117;118;119;120;286;287;
J482;115;116;117;118;119;120;286;287;
J483;115;116;117;118;119;120;286;287;
H484;288;310;
H485;289;309;
H486;290;308;
H487;291;307;
J488;304;305;306;307;291;292;303;
H489;292;303;
H490;293;302;
H491;294;301;
H492;295;300;
J493;296;297;298;299;300;295;
H494;239;285;
H495;240;284;
H496;241;283;
J497;242;243;244;245;277;278;279;280;281;282;283;241;246;276;
H498;246;276;
H499;247;275;
H500;248;274;
J501;249;250;274;248;251;273;
H502;251;273;
H503;252;272;
H504;253;271;
H505;254;270;
H506;255;269;
H507;256;268;
H508;257;267;
H509;258;266;
J510;259;260;261;262;263;264;265;266;258;
H511;121;238;
H512;122;237;
H513;123;236;
H514;124;235;
H515;125;234;
H516;126;233;
H517;127;232;
J518;128;129;231;232;127;130;230;
H519;130;230;
J520;131;132;133;134;227;228;229;230;130;135;226;
H521;135;226;
H522;136;225;
H523;137;224;
H524;138;223;
H525;139;222;
H526;140;221;
H527;141;220;
J528;142;178;179;180;181;182;193;194;195;196;219;
J529;142;178;179;180;181;182;193;194;195;196;219;
J530;142;178;179;180;181;182;193;194;195;196;219;
J531;142;178;179;180;181;182;193;194;195;196;219;
H532;197;218;
H533;198;217;
H534;199;216;
H535;200;215;
H536;201;214;
J537;202;203;204;213;214;201;205;212;
H538;205;212;
H539;206;211;
J540;207;208;209;210;211;206;
H541;183;192;
H542;184;191;
H543;185;190;
J544;186;187;188;189;190;185;
H545;143;177;
J546;144;176;177;143;145;175;
H547;145;175;
H548;146;174;
J549;147;148;149;150;151;168;169;170;171;172;173;174;146;152;167;
H550;152;167;
H551;153;166;
H552;154;165;
H553;155;164;
H554;156;163;
H555;157;162;
J556;158;159;160;161;162;157;
H557;60;105;
H558;61;104;
H559;62;103;
J560;63;64;103;62;65;102;
H561;65;102;
H562;66;101;
J563;67;99;100;101;66;68;98;
H564;68;98;
H565;69;97;
J566;70;71;97;69;72;96;
H567;72;96;
H568;73;95;
H569;74;94;
J570;93;94;74;75;92;
H571;75;92;
H572;76;91;
J573;77;90;91;76;78;89;
H574;78;89;
H575;79;88;
H576;80;87;
H577;81;86;
J578;82;83;84;85;86;81;
H579;8;24;
H580;9;23;
H581;10;22;
H582;11;21;
J583;12;13;14;15;16;17;18;19;20;21;11;
