18;
J0;22.516065276116674;-13.06666666666666;-9.23952860750422;H1;
H1;16.049742261192854;-5.599999999999999;-3.9597979746446663;J2;
J2;11.2;0.0;0.0;H3;
H3;5.6;0.0;0.0;J4;
J4;0.0;0.0;0.0;H3;
J5;-2.799999999999999;-1.6165807537309516;-4.5723808531952645;J4;
H6;-8.399999999999999;0.0;0.0;J4;
H7;-16.799999999999994;0.0;0.0;H6;
J8;-25.19999999999999;0.0;0.0;H7;
H9;-30.799999999999986;3.233161507461903;9.144761706390529;J8;
J10;-36.39999999999997;6.466323014923811;18.28952341278107;H9;
H11;-30.79999999999995;9.699484522385713;27.434285119171587;J10;
J12;-25.199999999999925;12.932646029847616;36.5790468255621;H11;
H13;1.4000000000000057;-8.891194145520235;-4.572380853195258;J5;
J14;5.600000000000017;-16.16580753730951;-4.572380853195252;H13;
H15;5.6000000000000325;-23.024378817102406;0.27736140799760634;J14;
H16;5.600000000000053;-32.169140523492935;6.743684422921419;H15;
J17;5.600000000000073;-41.31390222988347;13.210007437845231;H16;
